sample,NPSS1,NPSS2,NPSS3,NPSS4,NPSS5,NPSS6
ASV0,0.504477843198017,0.51210102262163,0.0216764797025101,0.208800743724822,0.0292996591261233,0.0191199256275178
ASV3,7.74713356058258e-05,4.64828013634955e-05,0.000247908273938643,0.000170436938332817,0.000247908273938643,9.2965602726991e-05
ASV6,0.00365664704059498,0.00170436938332817,0.0190269600247908,0.00691044313603967,0.00794855903315773,0.00227765726681128
ASV7,0.00134800123954137,0.00125503563681438,0.00255655407499225,0.00216919739696312,0.00136349550666253,0.0010226216299969
ASV8,0.00405949798574527,0.00165788658196467,0.0031143476913542,0.00184381778741866,0.0108924697861791,0.0052060737527115
ASV10,0.0123644251626898,0.00110009296560273,0.00579485590331577,0.00732878834831112,0.00119305856832972,0.00182832352029749
ASV13,0.00503563681437868,0.0024480942051441,0.00841338704679269,0.00486519987604586,0.0130771614502634,0.00824295010845987
ASV14,0.00354818717074682,0.00103811589711807,0.00399752091726061,0.00519057948559033,0.00464828013634955,0.0419119925627518
ASV15,0.00604276417725442,0.00263402541059808,0.00241710567090177,0.00771614502634025,0.0127982646420824,0.0058723272389216
ASV16,0.00376510691044314,0.00215370312984196,0.00348621010226216,0.0038270839789278,0.158676789587853,0.00294391075302138
ASV19,0.00542299349240781,0.0020917260613573,0.0377285404400372,0.0182522466687326,0.00224666873256895,0.00237062286953827
ASV20,0.00283545088317323,0.00237062286953827,0.0241710567090177,0.013418035326929,0.00722032847846297,0.00436938332816858
ASV21,0.00210722032847846,0.00224666873256895,0.00432290052680508,0.00419894638983576,0.0266346451812829,0.00512860241710567
ASV25,0.000650759219088937,0.0835140997830803,0.00201425472575147,0.0175550046482801,0.000712736287573598,0.000852184691664084
ASV26,0.00199876045863031,0.0010226216299969,0.00887821506042764,0.0020917260613573,0.00647660365664704,0.00729779981406879
ASV28,0.00179733498605516,0.00150294391075302,0.00268050821196157,0.00156492097923768,0.00221568019832662,0.0707468236752402
ASV30,0.000108459869848156,0.000201425472575147,0.000263402541059808,0.000836690424542919,0.00089866749302758,0.000604276417725442
ASV31,0.00959095134800124,0.00627517818407189,0.0195537651069104,0.0200960644561512,0.00875426092345832,0.0055624418964983
ASV32,0.000604276417725442,0.000263402541059808,0.000666253486210102,0.0010691044313604,0.00269600247908274,0.00889370932754881
ASV35,0.000619770684846607,0.000914161760148745,0.00122404710257205,0.000914161760148745,0.00196777192438798,0.00119305856832972
ASV37,0.00258754260923458,0.00145646110938953,0.00390455531453362,0.00184381778741866,0.00337775023241401,0.00181282925317632
ASV39,0.00283545088317323,0.00227765726681128,0.00308335915711187,0.0687170746823675,0.00213820886272079,0.00144096684226836
ASV42,0.0010691044313604,0.000914161760148745,0.00127052990393554,0.00128602417105671,0.00221568019832662,0.00312984195847536
ASV43,0.0180973039975209,0.0208397892779672,0.00111558723272389,0.00852184691664084,0.00116207003408739,0
ASV44,0.0013789897737837,0.000743724821815928,0.00151843817787419,0.00122404710257205,0.00089866749302758,0.020638363805392
ASV51,0.000821196157421754,0.000588782150604276,0.00140997830802603,0.000821196157421754,0.000945150294391075,0.00041834521227146
ASV55,0.00164239231484351,0.00153393244499535,0.00158041524635885,0.00139448404090487,0.00904865199876046,0.00455531453362256
ASV57,0.00127052990393554,0.00175085218469166,0.00955996281375891,0.000805701890300589,0.00453982026650139,0.00317632475983886
ASV58,0.00323830182832352,0.00119305856832972,0.00708088007437248,0.00334676169817168,0.00430740625968392,0.00120855283545088
ASV59,0.000604276417725442,0.000247908273938643,0.00187480632166099,0.000495816547877285,0.000464828013634955,0.000340873876665634
ASV64,0.00213820886272079,0.0010226216299969,0.0172296250387357,0.00715835140997831,0.00326929036256585,0.0013325069724202
ASV66,0.000836690424542919,0.00136349550666253,0.00388906104741246,0.00288193368453672,0.011636194607995,0.00539200495816548
ASV68,0.00218469166408429,0.00092965602726991,0.00220018593120545,0.00224666873256895,0.0014254725751472,0.00170436938332817
ASV71,0.00092965602726991,0.000712736287573598,0.0210102262163,0.0153548187170747,0.000852184691664084,0.000728230554694763
ASV73,0.00128602417105671,0.000666253486210102,0.00111558723272389,0.00114657576696622,0.00116207003408739,0.00096064456151224
ASV74,0.00249457700650759,0.00213820886272079,0.00122404710257205,0.00144096684226836,0.00089866749302758,0.0055624418964983
ASV75,0.00122404710257205,0.0010691044313604,0.00433839479392625,0.00247908273938643,0.00387356678029129,0.00130151843817787
ASV76,0.00150294391075302,0.000743724821815928,0.00156492097923768,0.00258754260923458,0.00128602417105671,0.0345986984815618
ASV84,0.000728230554694763,0.00148744964363186,0.00207623179423613,0.00119305856832972,0.00511310814998451,0.00170436938332817
ASV87,0.00150294391075302,0.00041834521227146,0.000340873876665634,0.000309885342423303,0.000201425472575147,0.00108459869848156
ASV88,0.000852184691664084,0.000309885342423303,0.00170436938332817,0.00289742795165789,0.00441586612953207,0.00202974899287264
ASV89,0.000743724821815928,0.000573287883483111,0.000650759219088937,0.00096064456151224,0.00161140378060118,0.000945150294391075
ASV90,0.000666253486210102,0.000356368143786799,0.00089866749302758,0.000650759219088937,0.000774713356058258,0.000495816547877285
ASV94,0.000433839479392625,0.000356368143786799,0.00187480632166099,0.000402850945150294,0.00246358847226526,0.00182832352029749
ASV95,0.000247908273938643,0,0.000867678958785249,0.00291292221877905,0.000170436938332817,0.000278896808180973
ASV96,0.000743724821815928,0.000511310814998451,0.000821196157421754,0.00184381778741866,0.000976138828633406,0.00127052990393554
ASV98,0,0,0,0,0,0
ASV99,0.000309885342423303,0.00041834521227146,0.000356368143786799,0.000557793616361946,0.000309885342423303,0.0109544468546638
ASV100,7.74713356058258e-05,0,0,7.74713356058258e-05,0.000170436938332817,0
ASV102,0.000836690424542919,0.000712736287573598,0.0250852184691664,0.00100712736287574,0.00206073752711497,0.00103811589711807
ASV103,0,0,0,0,0.000867678958785249,0.00441586612953207
ASV105,0.00092965602726991,0.000542299349240781,0.00880074372482182,0.00144096684226836,0.00251007127362876,0.000635264951967772
ASV109,0.000991633095754571,0.000263402541059808,0.000697242020452433,0.000495816547877285,0.00224666873256895,0.00151843817787419
ASV110,0.000557793616361946,0.000402850945150294,0.00092965602726991,0.00044933374651379,0.00048032228075612,0.0014254725751472
ASV111,0.000697242020452433,0.000294391075302138,0.0010691044313604,0.00357917570498915,0.00130151843817787,0.000557793616361946
ASV112,0.000387356678029129,0.000340873876665634,0.000402850945150294,0.00044933374651379,0.00227765726681128,0.00227765726681128
ASV113,0,0,0.000278896808180973,0,0,0
ASV115,0,0,0,0,0,0
ASV116,0.000402850945150294,0.000263402541059808,0.000759219088937093,0.000371862410907964,0.000402850945150294,0.000371862410907964
ASV117,0.00184381778741866,0.000263402541059808,0.00100712736287574,0.00117756430120855,0.00158041524635885,0
ASV118,0,0.00148744964363186,0.000681747753331267,0.000402850945150294,0.000573287883483111,0.00447784319801673
ASV121,0.000356368143786799,0.000139448404090487,0.00237062286953827,0.00481871707468237,0.000790207623179424,0.000309885342423303
ASV123,0,0,0,0,0,0
ASV124,0,0,0,0,0,0
ASV125,0,0,0,0,0,0
ASV126,0.00110009296560273,0.000402850945150294,0.000557793616361946,0.000495816547877285,0.000340873876665634,0.00105361016423923
ASV128,0.000464828013634955,0.000263402541059808,0.000201425472575147,0.000790207623179424,0.00361016423923148,7.74713356058258e-05
ASV131,0.000278896808180973,0.00044933374651379,0.000945150294391075,0.000712736287573598,0.000170436938332817,0.000247908273938643
ASV132,0,0,0.000619770684846607,0.000573287883483111,0,0
ASV134,0,0,0,0,0,0
ASV136,0.000232414006817478,0.00158041524635885,0.000340873876665634,0.000883173225906415,0.000387356678029129,0.00196777192438798
ASV137,0,0,7.74713356058258e-05,0,0,0
ASV138,0.000557793616361946,0,0.00185931205453982,0.00089866749302758,0.00333126743105051,0.00252556554074992
ASV139,0,0,0,0,0,0
ASV140,0,0,0,0,0,0
ASV141,0,0,0,0,0,0
ASV143,0.000573287883483111,0.000294391075302138,0.00195227765726681,0.00122404710257205,0.00111558723272389,0.00198326619150914
ASV144,0,0.000991633095754571,0.000464828013634955,0,0,0.000201425472575147
ASV145,0.00201425472575147,0.000573287883483111,0.000712736287573598,0.000945150294391075,0.0020452432599938,0.00210722032847846
ASV146,0,0,0,0,0,0
ASV150,0.000681747753331267,0.000495816547877285,0.000697242020452433,0.000759219088937093,0.000619770684846607,0.00041834521227146
ASV151,0.000356368143786799,0.000433839479392625,0.00159590951348001,0.00926557173845677,0.00089866749302758,0.000123954136969321
ASV152,0,0.00044933374651379,0,0,0.000278896808180973,0.000387356678029129
ASV153,0.000697242020452433,0,0.00151843817787419,0.000542299349240781,0.000325379609544469,0.00044933374651379
ASV155,0.000743724821815928,0.000619770684846607,0.000836690424542919,0.000743724821815928,0.00914161760148745,0.0058723272389216
ASV156,0.000309885342423303,0.000371862410907964,0.000294391075302138,0.000650759219088937,0.000170436938332817,0.000325379609544469
ASV162,0.000759219088937093,0.000619770684846607,0.00100712736287574,0.000495816547877285,0.010040285094515,0.000573287883483111
ASV163,0.000526805082119616,0.000216919739696312,0.000526805082119616,0.000542299349240781,0.000588782150604276,0.000309885342423303
ASV164,0.00048032228075612,0.000464828013634955,0.00371862410907964,0.000774713356058258,0.00615122404710257,0.00103811589711807
ASV165,0.00176634645181283,0.000511310814998451,0.0109544468546638,0.0055624418964983,0.000836690424542919,0.000356368143786799
ASV168,0.00410598078710877,0.00127052990393554,0.000619770684846607,0.00193678339014565,0.00154942671211652,0.000604276417725442
ASV169,0.00210722032847846,0.000790207623179424,0.000867678958785249,0.00187480632166099,0.00103811589711807,0.000790207623179424
ASV173,0,0,0,0,0,0
ASV174,0.00041834521227146,0.000325379609544469,0.000635264951967772,0.00044933374651379,0.000263402541059808,0.000309885342423303
ASV175,0,0,0,0,0,0
ASV181,0,0,0,0,0.000759219088937093,0
ASV182,0,0.000139448404090487,0.00131701270529904,0.000914161760148745,0,0.0014254725751472
ASV183,0.000588782150604276,0.000154942671211652,0.000433839479392625,0.000464828013634955,0.000325379609544469,0.000201425472575147
ASV184,0.000464828013634955,0,0,0,0,0
ASV185,0,0.000387356678029129,0.000650759219088937,0.00044933374651379,0,0
ASV186,0.000356368143786799,0.000712736287573598,0.00105361016423923,0.00116207003408739,0.00048032228075612,0.00044933374651379
ASV188,0,0,0,0.000340873876665634,0,0.00096064456151224
ASV189,0,0,0.000340873876665634,0,0.000588782150604276,0
ASV190,0.00140997830802603,0.000201425472575147,0.000402850945150294,0.000526805082119616,0.00165788658196467,0.000542299349240781
ASV191,0,0.000108459869848156,0.000185931205453982,0.000123954136969321,0,0.000852184691664084
ASV192,0,0,0.000108459869848156,0,0,3.09885342423303e-05
ASV195,0,0.000263402541059808,0.000294391075302138,0.000371862410907964,0.000154942671211652,0.000232414006817478
ASV197,0.000495816547877285,0.000387356678029129,0.000650759219088937,0.0105206073752712,0.000774713356058258,0.000387356678029129
ASV199,0.000387356678029129,0.000278896808180973,0.00235512860241711,0.000495816547877285,0.000619770684846607,0.000278896808180973
ASV200,0,0,0,0,9.2965602726991e-05,0.000309885342423303
ASV202,0,0,0.000201425472575147,0,0,0
ASV205,0,0,0,0.000511310814998451,0,0
ASV206,0,0,0.000790207623179424,0,0,0
ASV207,0.000325379609544469,0.000201425472575147,0.000247908273938643,0.000185931205453982,0.000154942671211652,0.00096064456151224
ASV208,0,0,0,0,0,0
ASV212,0.00105361016423923,0.000526805082119616,0.00176634645181283,0.00333126743105051,0.00139448404090487,0.00233963433529594
ASV215,0,0,0,0,0,0
ASV216,0,0,0,0,0.000154942671211652,0
ASV217,0.000681747753331267,0.00182832352029749,0.000573287883483111,0.000852184691664084,0.000309885342423303,0.000247908273938643
ASV219,0,0,0,0,0,0.0013789897737837
ASV220,0,0,0,0,0,0
ASV222,0,0,0.000712736287573598,0.0013789897737837,0,0
ASV223,0.000325379609544469,0.000139448404090487,0.000340873876665634,0.000185931205453982,0.000201425472575147,0.00224666873256895
ASV224,0.000635264951967772,0.000232414006817478,0.00048032228075612,0.000433839479392625,0.00044933374651379,0.000325379609544469
ASV227,0.000619770684846607,0.000139448404090487,0.000619770684846607,0.0062286953827084,0.000309885342423303,0.000232414006817478
ASV230,0.000495816547877285,0.000325379609544469,0,0.000805701890300589,0.0061822125813449,0.000170436938332817
ASV232,0.000852184691664084,0,0.00492717694453052,0.000697242020452433,0.00299039355438488,0.000604276417725442
ASV234,0.000340873876665634,0.000232414006817478,0.000619770684846607,0.000201425472575147,0.00505113108149985,0.000201425472575147
ASV236,0,0,0.000604276417725442,0,0,0.00148744964363186
ASV237,0,0,0,0,0,0.000464828013634955
ASV241,0.000511310814998451,0.000387356678029129,0.00175085218469166,0.00227765726681128,0.000588782150604276,0.000743724821815928
ASV244,0.00643012085528355,0,0,0,0.00182832352029749,0
ASV246,0,0.000139448404090487,0.000542299349240781,0.000263402541059808,0.000232414006817478,0.000557793616361946
ASV247,0,0,0,0,0,0
ASV248,0.000511310814998451,0,0,0,0,0
ASV251,0.000108459869848156,0,0.00175085218469166,0,0.000108459869848156,0.000774713356058258
ASV252,9.2965602726991e-05,0.000139448404090487,0.000201425472575147,0.000278896808180973,7.74713356058258e-05,0.00432290052680508
ASV253,0.000108459869848156,0.000154942671211652,0.000185931205453982,0.00041834521227146,0.00202974899287264,0.000232414006817478
ASV254,0,0,0,0,0,0
ASV255,0,0,0,0,0,0
ASV256,0.000263402541059808,0.000170436938332817,0.000371862410907964,0.000294391075302138,0.000743724821815928,0.00139448404090487
ASV257,7.74713356058258e-05,0.00171986365044933,0.000123954136969321,0.000309885342423303,9.2965602726991e-05,0.000108459869848156
ASV259,0.00845986984815618,0,0,0.00396653238301828,0,0
ASV260,0,0.000108459869848156,0.000232414006817478,0,0,0.00110009296560273
ASV261,0.000991633095754571,0.00041834521227146,0,0,0.000557793616361946,0.000635264951967772
ASV264,0.000883173225906415,0,0.000836690424542919,0.00534552215680198,0.00048032228075612,0.00185931205453982
ASV266,0.00114657576696622,0.000542299349240781,0.000247908273938643,0.000511310814998451,0.000526805082119616,0.00044933374651379
ASV267,0.000278896808180973,0,0.00229315153393244,0.000542299349240781,0,9.2965602726991e-05
ASV270,0,0,0,0,0.00154942671211652,0
ASV271,0,0,0.000945150294391075,0,0,0
ASV274,0.000154942671211652,0.000619770684846607,0.000263402541059808,0.000294391075302138,0.01050511310815,9.2965602726991e-05
ASV275,0.0013789897737837,0.000433839479392625,0.000526805082119616,0.000464828013634955,0.000883173225906415,0.000201425472575147
ASV278,9.2965602726991e-05,0.000123954136969321,0.000340873876665634,0.000309885342423303,0.0017353579175705,0.000759219088937093
ASV282,0,0,0,0,0,0
ASV287,0.000294391075302138,0.000185931205453982,0.000201425472575147,0.000278896808180973,0.00627517818407189,0.000573287883483111
ASV290,0,0,0,0,0,0
ASV291,0.000170436938332817,0.000139448404090487,0.000495816547877285,0.000495816547877285,0.00402850945150294,0.000356368143786799
ASV292,0.000511310814998451,0.00122404710257205,0.00044933374651379,0.000836690424542919,0.000139448404090487,0.000263402541059808
ASV294,0.00044933374651379,0.000232414006817478,0.00636814378679888,0.000759219088937093,0.000402850945150294,0.000201425472575147
ASV295,0,0.000216919739696312,0.000170436938332817,0.000247908273938643,0.000790207623179424,0
ASV296,0.00111558723272389,0.00048032228075612,0.0044468546637744,0.000573287883483111,0,0
ASV299,0,0,0,0,0,0
ASV301,0.000216919739696312,0.000371862410907964,0.000356368143786799,0.000371862410907964,0.000325379609544469,0.00151843817787419
ASV302,0,0.000108459869848156,0,0.000247908273938643,0.000201425472575147,0
ASV303,0,0,0,0.0101797334986055,0.000511310814998451,0
ASV304,0.000464828013634955,0,9.2965602726991e-05,0.000123954136969321,0,0.000170436938332817
ASV305,0,0,0,0,0,0
ASV306,0.000278896808180973,0.000139448404090487,0.00041834521227146,0,0.000526805082119616,0.000681747753331267
ASV307,0.000495816547877285,0,0.00127052990393554,0.000371862410907964,0.00096064456151224,0.00123954136969321
ASV308,0,0,0.000185931205453982,0,0,0
ASV310,0,0,0,0,0,0
ASV311,0,0,3.09885342423303e-05,3.09885342423303e-05,0,3.09885342423303e-05
ASV312,0.000247908273938643,0.00740625968391695,0.000557793616361946,0.000170436938332817,0.000309885342423303,0.000108459869848156
ASV313,0,0,0,0,0,0
ASV314,0.000263402541059808,0.000495816547877285,0.00212271459559963,0,0.00151843817787419,0.000216919739696312
ASV315,0,0,0,0,0.00151843817787419,0
ASV316,0.000247908273938643,0.000356368143786799,0.00212271459559963,0.00096064456151224,0.00148744964363186,0.00048032228075612
ASV318,0.000697242020452433,0.000588782150604276,0.000666253486210102,0.000867678958785249,0.000774713356058258,0.00048032228075612
ASV319,0,0,0,0,0,0
ASV321,0,0,0.000185931205453982,0.00331577316392935,0.000340873876665634,0.000278896808180973
ASV324,0,0.000464828013634955,0,0,0,0.000728230554694763
ASV326,0,0.000216919739696312,0.000123954136969321,0.000371862410907964,0,0.000201425472575147
ASV327,0,0,0,0,0,0
ASV328,0.000123954136969321,0.000170436938332817,0.000216919739696312,0.000139448404090487,0.000154942671211652,0.000619770684846607
ASV331,0,0,0,0,0,0
ASV333,0.000340873876665634,0,0,0,0,0
ASV339,0,0,0,0,0,0
ASV341,0.000154942671211652,0.000232414006817478,0.000247908273938643,0.000139448404090487,0.000216919739696312,0.000201425472575147
ASV343,0,0,0,0,0,0
ASV344,0.000619770684846607,0,0,0,0,0
ASV347,0,0,0.000139448404090487,0.000340873876665634,0,0
ASV350,0.000759219088937093,0.000294391075302138,0.00255655407499225,0.00302138208862721,0.000185931205453982,0.000154942671211652
ASV351,0.00221568019832662,0.000356368143786799,0.000201425472575147,0,0,0.00140997830802603
ASV353,0,0,0.000604276417725442,0.00089866749302758,0,0
ASV355,0,0,0,0,0,0
ASV361,0,0.000154942671211652,0.000108459869848156,0.000263402541059808,0.000294391075302138,0.00261853114347691
ASV362,0,0,0,0,0,0.000216919739696312
ASV364,0,0,0,0,0,0
ASV370,0,0,0.000185931205453982,0,0,0
ASV372,0,0,0.0014254725751472,0.000681747753331267,0.000945150294391075,0
ASV374,0,0,0.000263402541059808,0.00114657576696622,0.000185931205453982,0
ASV375,0,0,0.000356368143786799,0,0,0
ASV376,0,0,0.00308335915711187,0.00120855283545088,0.000263402541059808,0.000201425472575147
ASV377,7.74713356058258e-05,0.000232414006817478,0.000216919739696312,0.000123954136969321,0,0.000108459869848156
ASV379,0,0,0,0.000402850945150294,0,0
ASV380,0.00223117446544778,0.000170436938332817,0.000309885342423303,0.000557793616361946,0.00187480632166099,0.000216919739696312
ASV382,0,0,0,0,0,0
ASV383,0.000185931205453982,0.000294391075302138,0.000542299349240781,0.00171986365044933,0.000340873876665634,0.000185931205453982
ASV384,0,0,0,0,0,0
ASV387,0,0,0,0,0,0
ASV388,0,4.64828013634955e-05,0,0,0,0
ASV389,0.000464828013634955,0,0.000232414006817478,0.00488069414316703,0.000170436938332817,0.000294391075302138
ASV390,0,0.0010226216299969,0,0,0.00044933374651379,0.00048032228075612
ASV391,0,7.74713356058258e-05,0.00114657576696622,0.000743724821815928,6.19770684846607e-05,0
ASV392,0,0,0,0,0,0
ASV398,0.000278896808180973,0.000139448404090487,0.000294391075302138,0.000185931205453982,9.2965602726991e-05,0
ASV399,0,0,0,0,0,0
ASV402,0.000123954136969321,0,0.000170436938332817,0.000201425472575147,6.19770684846607e-05,0.000340873876665634
ASV403,0,0,0,0.000154942671211652,0,9.2965602726991e-05
ASV404,0,0,0,0,0,0
ASV407,0,0,0,0,0,0
ASV408,0.000356368143786799,0.000464828013634955,0.000309885342423303,0.000201425472575147,0.000294391075302138,0.000170436938332817
ASV411,3.09885342423303e-05,0,0,9.2965602726991e-05,0,0
ASV414,0,0.000139448404090487,0.000139448404090487,0,0.00176634645181283,0.00108459869848156
ASV417,0.00044933374651379,0,0.000836690424542919,0.000170436938332817,6.19770684846607e-05,6.19770684846607e-05
ASV418,0,0,0,0,0,0
ASV421,0,4.64828013634955e-05,0.000108459869848156,0,7.74713356058258e-05,0
ASV425,0,0.000356368143786799,0,0,0,0
ASV426,0.00295940502014255,0.000216919739696312,0,0,0,0
ASV427,0,0,0,0,0,0
ASV428,0.000154942671211652,0.000278896808180973,0.000123954136969321,0.000154942671211652,0.000604276417725442,0.000402850945150294
ASV430,0,0,0.000201425472575147,7.74713356058258e-05,0,0
ASV431,0.000294391075302138,0,0.00421444065695693,0.000247908273938643,0.000108459869848156,0.000216919739696312
ASV432,0,0,0,0.00308335915711187,0,0
ASV433,0,0,0.000681747753331267,9.2965602726991e-05,0.000108459869848156,0
ASV436,0.00114657576696622,0.000433839479392625,0.000526805082119616,0.00105361016423923,0.000619770684846607,0.000387356678029129
ASV437,0.000185931205453982,0.000108459869848156,0.0020452432599938,0.000573287883483111,0.000170436938332817,0.000139448404090487
ASV440,0.000154942671211652,0,0.000201425472575147,0.000154942671211652,0.000247908273938643,0.000139448404090487
ASV444,0,0,0,0.0013325069724202,0.000123954136969321,0
ASV445,0,0,0.000263402541059808,0,0,0.000588782150604276
ASV446,0,0,0,0,0,0
ASV448,0.000108459869848156,0,0,0,0,0
ASV459,0,0.000154942671211652,0.00170436938332817,0,0.000263402541059808,0.000511310814998451
ASV460,0,0,0,0.00281995661605206,0.000139448404090487,0
ASV462,0,0,0.000123954136969321,0.00131701270529904,0.000123954136969321,0
ASV464,0,0,0,0,0,0
ASV465,0.000185931205453982,0.00463278586922839,0.000185931205453982,0.000247908273938643,9.2965602726991e-05,7.74713356058258e-05
ASV469,0,0,0,0,0,0
ASV470,0.00044933374651379,0.000185931205453982,0.000232414006817478,0.000542299349240781,0.00092965602726991,0.000170436938332817
ASV472,0,0,0,0,0,0
ASV473,0.000278896808180973,0,0.000201425472575147,0.000139448404090487,0,0.00322280756120236
ASV474,0,0,0,0,0,0
ASV475,0,0,0,0,0,0
ASV477,0,9.2965602726991e-05,0,0.00254105980787109,0.000139448404090487,7.74713356058258e-05
ASV479,0,7.74713356058258e-05,7.74713356058258e-05,0.000123954136969321,7.74713356058258e-05,0
ASV482,0,0,0,0,0.00213820886272079,0.00103811589711807
ASV485,4.64828013634955e-05,9.2965602726991e-05,0.000201425472575147,0.000185931205453982,0.000123954136969321,9.2965602726991e-05
ASV487,0.000139448404090487,0,0.000154942671211652,0.000433839479392625,0,0
ASV489,0,0,0.000170436938332817,0.00165788658196467,6.19770684846607e-05,0
ASV492,0,0,0,0,0,0
ASV494,0,0,0,0.000247908273938643,0,0
ASV498,0,0,0.000123954136969321,0.000216919739696312,0,0
ASV500,0,0,0,0,0.000201425472575147,0
ASV501,0,0,0,0,0,0
ASV502,0,0,0,0.000526805082119616,0.000495816547877285,0.000325379609544469
ASV505,0.000185931205453982,0,0.000154942671211652,0.000201425472575147,0.00147195537651069,0.000619770684846607
ASV506,0.000154942671211652,0.000108459869848156,0.000325379609544469,0.00303687635574837,0.000139448404090487,9.2965602726991e-05
ASV508,0.000635264951967772,0.000185931205453982,0,0.000294391075302138,0,9.2965602726991e-05
ASV511,0.000805701890300589,0.000635264951967772,0.000619770684846607,0.000945150294391075,0,0.000728230554694763
ASV513,0,0,0.000774713356058258,0.000340873876665634,0.000139448404090487,0.000123954136969321
ASV517,0,0,0,0,0,0
ASV520,0.000387356678029129,0.000154942671211652,0.000263402541059808,0.000945150294391075,0.000185931205453982,0.000557793616361946
ASV521,9.2965602726991e-05,0.000139448404090487,0.000511310814998451,0.000542299349240781,0.00190579485590332,0.000123954136969321
ASV522,0,0,0,0,0,0
ASV526,0,0,0,0,0,0
ASV527,0,0,0,0,0,0
ASV528,0,0,0,0,0,0
ASV530,0,0,0.000402850945150294,0,0,0
ASV532,0,0,0.000123954136969321,4.64828013634955e-05,0.000123954136969321,0.000340873876665634
ASV533,0,0,0,0,0,0
ASV534,0,0,0,0,0,0
ASV535,0.000247908273938643,0.000247908273938643,0.00187480632166099,0.000666253486210102,0,0.000139448404090487
ASV538,0.000247908273938643,9.2965602726991e-05,0.0010226216299969,0.00281995661605206,0.000139448404090487,6.19770684846607e-05
ASV540,0.000232414006817478,9.2965602726991e-05,0.000278896808180973,0.00339324449953517,9.2965602726991e-05,0.000201425472575147
ASV541,0,0.000883173225906415,3.09885342423303e-05,7.74713356058258e-05,4.64828013634955e-05,0.00119305856832972
ASV543,0.00176634645181283,0,0.00048032228075612,0.000154942671211652,0.00092965602726991,0
ASV545,0,9.2965602726991e-05,0.000108459869848156,0.00390455531453362,0.000108459869848156,0.000123954136969321
ASV547,0,0,6.19770684846607e-05,0,0,0
ASV550,0,0,0,0,0,0.000278896808180973
ASV551,0,0,0,0,0,0
ASV553,0,0,0,6.19770684846607e-05,0.000154942671211652,0.000170436938332817
ASV554,4.64828013634955e-05,0,9.2965602726991e-05,0,0,0
ASV556,0.000387356678029129,6.19770684846607e-05,0.000852184691664084,0.000511310814998451,6.19770684846607e-05,0
ASV558,0,0,0,0.000123954136969321,0,0
ASV559,0,0,0,0,0,0.000216919739696312
ASV561,0,0,0.000185931205453982,0,0,0
ASV562,0,0,0,0,0,0
ASV566,0,0,0,0.00048032228075612,0,0
ASV567,0.000170436938332817,0,0.000325379609544469,0.000232414006817478,0.000201425472575147,0
ASV568,0,0.000170436938332817,4.64828013634955e-05,0.000883173225906415,0,0
ASV572,0,4.64828013634955e-05,0.00048032228075612,0,0,0.000619770684846607
ASV573,0,0,0,0.000216919739696312,0.000294391075302138,0.000170436938332817
ASV574,0,0,0,0,0,0.000108459869848156
ASV576,7.74713356058258e-05,6.19770684846607e-05,0.00111558723272389,0.000402850945150294,0.000511310814998451,0.000604276417725442
ASV577,0,0,0,0,0.00103811589711807,0.000216919739696312
ASV583,0.00041834521227146,0.000216919739696312,0.000232414006817478,0.000170436938332817,0.000371862410907964,0.000185931205453982
ASV584,0.000185931205453982,0,0,0.000185931205453982,0,0
ASV585,0,0,9.2965602726991e-05,0.000139448404090487,0,0.000216919739696312
ASV586,0,0,0,0,0,0
ASV587,0,0,0,0,0,0
ASV589,0.000170436938332817,0.000170436938332817,0.00164239231484351,0.00103811589711807,0.000185931205453982,7.74713356058258e-05
ASV590,0,0,0,0.000170436938332817,0,0
ASV594,0,0,0.000154942671211652,0.00278896808180973,0.00041834521227146,0
ASV595,0,0,0,0.000526805082119616,0,0.000201425472575147
ASV599,0,0,0.000852184691664084,0.000170436938332817,0,0
ASV600,0,0,0,0,0,0
ASV606,0,0.000123954136969321,0.000805701890300589,0.000123954136969321,0.000201425472575147,0
ASV607,0,0,0,0,0.000619770684846607,0
ASV608,0,0,0,0,0,0
ASV612,6.19770684846607e-05,7.74713356058258e-05,9.2965602726991e-05,6.19770684846607e-05,0.000108459869848156,0.000325379609544469
ASV614,0,0,0,0,0,0
ASV618,0,0,0.000247908273938643,0.000433839479392625,0.000108459869848156,0
ASV619,0,0,0.000232414006817478,0,0,0
ASV620,0,0,0,0,0,0
ASV621,0,0,0.000154942671211652,0.000464828013634955,0,0.000232414006817478
ASV622,0,0,0.00041834521227146,0.000247908273938643,0,0
ASV623,0.000263402541059808,0.000154942671211652,0,0,0,0
ASV630,0,0,0.00123954136969321,0.0020452432599938,0.000325379609544469,0
ASV631,0,0,7.74713356058258e-05,0,0,0
ASV633,0.000356368143786799,0,0,6.19770684846607e-05,0,0.000170436938332817
ASV634,0.000154942671211652,0,0.000108459869848156,0,0,0.000216919739696312
ASV635,0.00153393244499535,0.000557793616361946,0.00041834521227146,0.000185931205453982,0,0.000557793616361946
ASV640,0,0,0,0,0,0
ASV643,7.74713356058258e-05,0.000201425472575147,9.2965602726991e-05,0,0.000325379609544469,9.2965602726991e-05
ASV650,0,0,0,0,0,0
ASV652,0,0.000108459869848156,0.000805701890300589,0.000185931205453982,6.19770684846607e-05,0.000139448404090487
ASV653,0.00139448404090487,0,0,0,0.000433839479392625,0.00176634645181283
ASV655,0,0,0.000325379609544469,0.000464828013634955,0.000697242020452433,4.64828013634955e-05
ASV660,0,0,0.00192128912302448,0.000511310814998451,6.19770684846607e-05,9.2965602726991e-05
ASV661,0,0,0,0,0,0.000325379609544469
ASV662,0,0,0.00182832352029749,0,0,0
ASV665,0,4.64828013634955e-05,4.64828013634955e-05,0.000387356678029129,0,0
ASV666,0,0,0,0,0,0
ASV667,0,0,0.00117756430120855,0.000433839479392625,0,0.000123954136969321
ASV668,0,0,0,0,0,0
ASV670,7.74713356058258e-05,0,7.74713356058258e-05,0,0.000371862410907964,0
ASV671,0,0,0.000201425472575147,0,0,0.00136349550666253
ASV673,0.000247908273938643,0,0,0.000232414006817478,0,0.00175085218469166
ASV675,0,0,0.000216919739696312,0,0,0
ASV676,0,0,0,0,0,0
ASV677,0.000185931205453982,6.19770684846607e-05,0,0,6.19770684846607e-05,0
ASV679,0,0,0,0,0,0
ASV681,0,0,0.000325379609544469,0.000557793616361946,0.00044933374651379,0
ASV683,0,0,0,0.000433839479392625,0,0.000325379609544469
ASV686,0.00092965602726991,0.000402850945150294,0,0.000743724821815928,0,0
ASV687,0.000201425472575147,0.000154942671211652,0.000433839479392625,0.000387356678029129,0,0
ASV688,0,0,0,0,0.000263402541059808,0
ASV689,0,0,0,0,0,0
ASV690,0.000712736287573598,0.000635264951967772,0,0,0,0.000619770684846607
ASV692,0,0,0.000108459869848156,0.000821196157421754,0,0
ASV696,0,0,0.00161140378060118,0,0,0.00114657576696622
ASV698,0,0.000278896808180973,0,0,0,0.00041834521227146
ASV703,0,0,0,0,0,0
ASV704,0,0,0,0,0,0
ASV705,0,0,0,0,0,0
ASV706,0,0,0,0.00148744964363186,0,0
ASV708,0.000185931205453982,0,0.00199876045863031,0.000170436938332817,0.000185931205453982,0
ASV710,0.000371862410907964,0,0,0.000201425472575147,0.000232414006817478,0.000170436938332817
ASV711,7.74713356058258e-05,0.000123954136969321,0.000201425472575147,0.000759219088937093,0,0.000216919739696312
ASV714,0,0,0,0,0,0
ASV715,0,0,0,0,0,0
ASV717,0.00148744964363186,0,0.000402850945150294,0.000325379609544469,0.00041834521227146,0.000247908273938643
ASV718,0,0,0,0,0,0
ASV721,0.00223117446544778,0.000216919739696312,0.000278896808180973,0.000232414006817478,0,9.2965602726991e-05
ASV723,0,0,0.00048032228075612,0.000790207623179424,0,0
ASV724,0,0,0,0,0,0
ASV726,0,0,0,0,0,0
ASV727,0,0,0,0,0,0
ASV728,0.000185931205453982,0,0.000340873876665634,0.000433839479392625,0.000154942671211652,0.000867678958785249
ASV729,0.000294391075302138,0.000139448404090487,0.00110009296560273,0.000681747753331267,0.000139448404090487,0.000247908273938643
ASV733,0,0,0,0.000588782150604276,0,0.000170436938332817
ASV734,0,0,0,0,0,0
ASV735,0,0,0,0,0,0
ASV736,0.000526805082119616,0.00110009296560273,0,0.000340873876665634,0,0
ASV737,0,0,0.000139448404090487,0,0.000108459869848156,0
ASV741,4.64828013634955e-05,4.64828013634955e-05,0.000619770684846607,0.000123954136969321,0,3.09885342423303e-05
ASV742,0,0,0.000139448404090487,0.000170436938332817,0.00182832352029749,4.64828013634955e-05
ASV743,0,0,0,0,0,0
ASV744,0,0,0,0,0,0
ASV745,0,0,0,0.000387356678029129,0,0
ASV746,0,0,0,0,0,0
ASV748,0.000201425472575147,0.000232414006817478,0.000108459869848156,0.000278896808180973,0,6.19770684846607e-05
ASV750,0,0,0,0,0,0
ASV752,0,0.000232414006817478,0,0,0,0
ASV754,0,0.000123954136969321,0.000139448404090487,0.000123954136969321,0.000123954136969321,0
ASV756,0,0,0,0.000247908273938643,0,0
ASV757,0,0,0.000883173225906415,0.00089866749302758,0.000387356678029129,0
ASV765,0,0,0,0,0,0
ASV766,0,0.000108459869848156,0,0.00178184071893399,0,0
ASV767,0.000108459869848156,0.000139448404090487,0,0.000154942671211652,6.19770684846607e-05,9.2965602726991e-05
ASV771,0,0,0,0.00199876045863031,0,0
ASV772,0,0,0,0,0.000185931205453982,0.00181282925317632
ASV773,0,0,0,0,0,0
ASV777,0,0,0,0,0,0
ASV778,0,0,0,0,0,0.000852184691664084
ASV780,4.64828013634955e-05,0,0.000666253486210102,0.000232414006817478,0,7.74713356058258e-05
ASV781,0.000139448404090487,0,0,0.000154942671211652,0,0.000139448404090487
ASV782,7.74713356058258e-05,0,0,0.000123954136969321,0.000154942671211652,0.000108459869848156
ASV784,0,0,0,0,0,0
ASV785,0,0,0,0,0,0
ASV787,0,0.000495816547877285,0,0.000201425472575147,0,0
ASV788,0,0,0,0.000402850945150294,0.000588782150604276,0.0013325069724202
ASV789,0,0,0,0,0,0
ASV794,0,0,0,0,0,0
ASV795,0,0.000123954136969321,0.000681747753331267,0,0.000278896808180973,0
ASV798,0,0,0,0,0,0.000402850945150294
ASV803,7.74713356058258e-05,0,0.000170436938332817,6.19770684846607e-05,0.000123954136969321,0
ASV805,0,0,0,0,0,0
ASV806,0,0,0,0,0,0
ASV807,0,0,0,0,0,0
ASV808,0,0,0,0,0,0
ASV809,0,0,0,0,0,0
ASV811,0,0,0,0,0,0
ASV812,0,0,0,0,0,0.000247908273938643
ASV813,0,0,0.00181282925317632,9.2965602726991e-05,6.19770684846607e-05,0.000170436938332817
ASV814,0,0,0.000123954136969321,0,0,0
ASV815,0,0,0,0,0,0
ASV816,0,1.54942671211652e-05,0.0010691044313604,0,0,0
ASV818,0,0,0,0,0,0
ASV819,0.00044933374651379,0,4.64828013634955e-05,0.000139448404090487,0,0.000154942671211652
ASV821,0,0.000294391075302138,0,0.000464828013634955,0.000247908273938643,0
ASV822,0,0,0,0.000170436938332817,0,0
ASV824,0,0,0,0,0,0
ASV826,0.000185931205453982,7.74713356058258e-05,0.000108459869848156,0.000108459869848156,6.19770684846607e-05,0
ASV828,0.000216919739696312,0.000123954136969321,0.000139448404090487,0.000154942671211652,0,0
ASV831,0,0,0.000201425472575147,0,0,0
ASV833,0,0,0,0.000170436938332817,0.000278896808180973,0
ASV836,0.000123954136969321,0,0,0.000123954136969321,0.000232414006817478,0
ASV837,0,0,0,0,0,0
ASV838,6.19770684846607e-05,0,0.00131701270529904,9.2965602726991e-05,0.000464828013634955,0.000154942671211652
ASV841,0,0,0,0,0,0
ASV843,0.000278896808180973,0,0,9.2965602726991e-05,0.000464828013634955,0
ASV845,0,0,0,0,0,0
ASV846,0,0,0.00218469166408429,0,0,0
ASV849,0,0,0,0,0.00089866749302758,0
ASV856,0.000139448404090487,0,0.000170436938332817,0,0,0.00170436938332817
ASV859,0,0,0,0.000123954136969321,6.19770684846607e-05,0
ASV861,0,0,0,0,0,0
ASV862,0,0,0,0,0,0
ASV863,0,0,0,0.00164239231484351,0,0
ASV866,0,0,0,0,0,0
ASV868,0,0,0,0.000139448404090487,0,0
ASV870,0,0,0,0,0.000371862410907964,0
ASV874,0.000294391075302138,0,0.000526805082119616,7.74713356058258e-05,0,0
ASV878,0,0,0,0,0,0
ASV882,0,0,0,0,0.00096064456151224,0
ASV883,0,0,0,0,0,0
ASV885,0,0,0,0,0,0.00136349550666253
ASV888,0,0,0.000247908273938643,0,7.74713356058258e-05,0.000201425472575147
ASV890,0,0,0,0,0,0
ASV892,0,0,0.00105361016423923,0,0,0
ASV895,9.2965602726991e-05,0.000123954136969321,0.000108459869848156,0.000774713356058258,9.2965602726991e-05,6.19770684846607e-05
ASV896,0.000805701890300589,0.000247908273938643,0,0,0.000635264951967772,0
ASV899,0,0.000247908273938643,0,0.000712736287573598,0.000433839479392625,0
ASV901,0,0,0.000852184691664084,0.000294391075302138,0,0.000247908273938643
ASV904,0,4.64828013634955e-05,0,0,0,0
ASV906,0,0,0,0,0,0
ASV908,0,0,0,0,0,0
ASV910,0,0,0.00041834521227146,0,9.2965602726991e-05,0.000387356678029129
ASV911,0,0,0.000108459869848156,0.000123954136969321,0,0.000170436938332817
ASV912,0,0,0,0,0.000216919739696312,0
ASV914,0,0,0,0,0,0.000387356678029129
ASV916,0,0.000232414006817478,0,4.64828013634955e-05,0.00122404710257205,0
ASV918,0,0,4.64828013634955e-05,0,0,7.74713356058258e-05
ASV919,0.000154942671211652,0,0,0.000123954136969321,0.000557793616361946,6.19770684846607e-05
ASV920,0,0.000154942671211652,0,0.000247908273938643,0,0.000433839479392625
ASV927,0,0,0,0,0,0
ASV930,0,0.000387356678029129,0,0,0,0
ASV932,0,0,0.000154942671211652,0,0,0
ASV938,0,0,0,0,0,0
ASV943,0,0,0,0,0,0
ASV944,0,0,0,0.000681747753331267,0,0
ASV947,0,0,0.000154942671211652,0,0,0
ASV950,0,4.64828013634955e-05,0.00151843817787419,9.2965602726991e-05,4.64828013634955e-05,0
ASV951,0,0,0,0.000371862410907964,0,0
ASV953,0.00041834521227146,0.00041834521227146,4.64828013634955e-05,0.000185931205453982,7.74713356058258e-05,0
ASV955,0,0,0,0,0,0
ASV958,0,0.000278896808180973,0,0,0.00100712736287574,0
ASV959,0.000495816547877285,0.000123954136969321,0.000216919739696312,0,0.000263402541059808,0.000263402541059808
ASV965,0,0,0,0,0,0
ASV966,0,0,0,0,0.000821196157421754,0
ASV976,0,0,0,0,0,0
ASV977,0,0,0,0,0,0
ASV979,0,0,0,0.000232414006817478,0.000325379609544469,0
ASV980,0,0,0,6.19770684846607e-05,0,0.000216919739696312
ASV984,0,0,0,0.000697242020452433,0,0
ASV986,0,0,0,0,0,0
ASV988,0.00048032228075612,0.000108459869848156,0,0.000294391075302138,0.000108459869848156,0
ASV990,0,4.64828013634955e-05,0.00108459869848156,6.19770684846607e-05,0,7.74713356058258e-05
ASV991,0,0,0,0,0,0.000108459869848156
ASV992,0,0,0,0.000743724821815928,0,0
ASV994,0,0.000232414006817478,0.000728230554694763,0,0,0
ASV998,0,0,0,0,0.000650759219088937,0
ASV1004,0,0,0,0,0.000170436938332817,0
ASV1006,1.54942671211652e-05,1.54942671211652e-05,0,0,0,0.00148744964363186
ASV1009,0,0,0,0,0,0
ASV1010,0,0,0,0,0,0
ASV1014,0,0,0,6.19770684846607e-05,0,0
ASV1015,0.00199876045863031,0,0.000139448404090487,0,0,0
ASV1016,0,4.64828013634955e-05,0,6.19770684846607e-05,0.000294391075302138,0
ASV1020,0,0,0,0,0,0
ASV1023,0,0,0,0,0,0
ASV1025,0.00159590951348001,0,0,0.000123954136969321,0,0
ASV1028,0.000573287883483111,0.000526805082119616,0,0.000170436938332817,0,0
ASV1029,0.000433839479392625,0.000495816547877285,0,0.000123954136969321,0,0
ASV1030,0.000666253486210102,0,0,0,0,0
ASV1032,0,0,0,0,0,0
ASV1035,0,0,0,0,0,0
ASV1036,0,0,0,0,0,0.000697242020452433
ASV1037,0,0,0,0,0,0
ASV1039,0.000557793616361946,0.000325379609544469,0,7.74713356058258e-05,0,0
ASV1040,0,0,0,0,0.00041834521227146,0
ASV1041,0,0,3.09885342423303e-05,0,0,0
ASV1045,0.000650759219088937,0.000154942671211652,0.000108459869848156,0.000185931205453982,0.000170436938332817,0
ASV1046,0,0.000201425472575147,0,0,0.000309885342423303,0
ASV1048,0,0,0,0,0,0
ASV1049,0,0,0,0,0,0
ASV1055,0,6.19770684846607e-05,0,0.000263402541059808,4.64828013634955e-05,0
ASV1058,0,0,0,0,0,0
ASV1062,0,0.000263402541059808,0,0.000294391075302138,0.000387356678029129,0
ASV1064,0,0,0,0,0,0
ASV1066,0,0,0,0,0,0
ASV1067,6.19770684846607e-05,0,0,0,0,0
ASV1069,0,0,0,0,0,0
ASV1070,0,0.00048032228075612,0.000371862410907964,7.74713356058258e-05,0,0
ASV1071,0,0,0.000185931205453982,0,0,0
ASV1074,0,0,0,0,0,0
ASV1075,0,0,0,0,0,0
ASV1078,0,0,0,0,0,0
ASV1083,0,0,0,0.000325379609544469,0.000170436938332817,0.000294391075302138
ASV1084,0,0,0,0.000294391075302138,0,3.09885342423303e-05
ASV1086,0,0,0,0,0,0
ASV1087,0,0,0,0,0,0
ASV1090,0,0,0,0,0,0
ASV1095,0,0,0,0,0,0
ASV1098,0,0,0,0,0,0
ASV1099,0,0,0,0,0,0
ASV1101,0,0,0,0.000108459869848156,0,9.2965602726991e-05
ASV1102,0,0,0.000139448404090487,3.09885342423303e-05,0,0.000263402541059808
ASV1103,0.000464828013634955,0,0,0,0,0
ASV1104,0.000387356678029129,0.00041834521227146,0.000108459869848156,0.000154942671211652,7.74713356058258e-05,0
ASV1107,0,0,0,6.19770684846607e-05,0,0
ASV1108,0,0,0,0,0,0.000511310814998451
ASV1109,0,0,0,0,0,0
ASV1110,0,0,0,0,0,0
ASV1120,0,0,0,0.000154942671211652,0,0
ASV1123,0,0,0,0,0,0
ASV1125,0,0,0,0,0,0
ASV1127,0.000588782150604276,0.00041834521227146,0,0.000108459869848156,0,0
ASV1129,0.000526805082119616,0.00048032228075612,0,0.000123954136969321,0,0
ASV1130,0,0,0,0.00041834521227146,0,0
ASV1134,0.00175085218469166,4.64828013634955e-05,0,0,0,0
ASV1136,0,0,0,0,0,0.000154942671211652
ASV1137,0,0,0,0,0,0
ASV1138,0,0,0,0,0,0
ASV1140,0,0,0,0,0,0
ASV1141,0,0,0,6.19770684846607e-05,0.000604276417725442,6.19770684846607e-05
ASV1142,0.000294391075302138,0.000604276417725442,3.09885342423303e-05,0.000201425472575147,4.64828013634955e-05,0
ASV1143,0,0,0,0,0,0
ASV1145,4.64828013634955e-05,0,0.000123954136969321,0.000139448404090487,0,0.000883173225906415
ASV1148,0,0,0,0,0,0
ASV1151,0,0,0.000805701890300589,3.09885342423303e-05,7.74713356058258e-05,4.64828013634955e-05
ASV1153,0.000185931205453982,0,0,0,0.00041834521227146,0
ASV1154,0,0,0,0.000185931205453982,0,0
ASV1159,0,0,0,0,0,0
ASV1160,0,0,0,0,0,0
ASV1165,0,0,0,0,0,9.2965602726991e-05
ASV1166,0.000356368143786799,0.000139448404090487,0.000123954136969321,0.000185931205453982,0,0.000170436938332817
ASV1167,0,0,0,0,0.000185931205453982,0
ASV1168,0,0,0,0,0,0
ASV1172,0,0,0,0,0,0.000154942671211652
ASV1174,0.000991633095754571,0.000139448404090487,0,0.000294391075302138,0,0
ASV1177,0,0,7.74713356058258e-05,0,0,0
ASV1182,0,0,0,0,0,0
ASV1183,0,0,0,0,0.000619770684846607,0
ASV1186,0,0,0,0,0,0
ASV1190,0,0.000108459869848156,0,0,0,0
ASV1193,0,0,0,0,0.000557793616361946,0
ASV1194,0,0,0,4.64828013634955e-05,0,0
ASV1195,7.74713356058258e-05,3.09885342423303e-05,0,7.74713356058258e-05,0,0
ASV1197,0.000325379609544469,0,0,0.000201425472575147,0,0.000573287883483111
ASV1198,6.19770684846607e-05,0.000604276417725442,0.000433839479392625,0,6.19770684846607e-05,3.09885342423303e-05
ASV1200,0,0,0.000325379609544469,0.000170436938332817,0,0
ASV1202,0,0,0,0,0,0
ASV1209,0.000154942671211652,0,0,0,0,0.00116207003408739
ASV1210,0,4.64828013634955e-05,0.000371862410907964,0,9.2965602726991e-05,0.000108459869848156
ASV1212,0,0,0,6.19770684846607e-05,0,0
ASV1216,0,0,0,0,0,0
ASV1217,0,0,0,0,0,0
ASV1220,0,0,0,0,0,0
ASV1221,0.000232414006817478,6.19770684846607e-05,9.2965602726991e-05,0.000185931205453982,0,0.000139448404090487
ASV1222,9.2965602726991e-05,0,0,0,0,0
ASV1223,0,6.19770684846607e-05,0.000666253486210102,0.000170436938332817,0,6.19770684846607e-05
ASV1224,0,0,0,0.000139448404090487,0,0
ASV1225,0,0,0,0,0.000108459869848156,0
ASV1226,0,0,0,0,0,0
ASV1229,0,0,0,0,0,0
ASV1232,0,0,0,0,0,0
ASV1234,0,0,0.000108459869848156,0.000139448404090487,0,0.000108459869848156
ASV1235,0,0,0,0.000185931205453982,0,0
ASV1237,0,0,0,0,0,0
ASV1244,0,0,0,6.19770684846607e-05,0.000108459869848156,0
ASV1247,0,0,0,0,0,0
ASV1255,0,0,0,0,0,0
ASV1256,0.000232414006817478,0.000170436938332817,0,9.2965602726991e-05,0,3.09885342423303e-05
ASV1258,0,0,0.000139448404090487,0,0,0
ASV1259,0.00044933374651379,0.000325379609544469,0,6.19770684846607e-05,0,0
ASV1260,0.000557793616361946,0,0,0.000356368143786799,0,0
ASV1263,0,0,0,0,0,0
ASV1265,0,0,0,0,4.64828013634955e-05,0
ASV1267,0,0,0.000170436938332817,0,0,0
ASV1268,0.00100712736287574,0,0,0,0,0
ASV1272,0,0,0,0,0,0
ASV1275,0,0,0.000387356678029129,0,0,0
ASV1276,0,0,0,0,0,0
ASV1278,0,0,0.000139448404090487,0,0,0
ASV1279,0.000387356678029129,0.000387356678029129,0,0,0,0
ASV1281,0,0,0.000232414006817478,0.000108459869848156,0,0
ASV1282,0,0,0,6.19770684846607e-05,0.000976138828633406,0
ASV1288,0,0,0,0,0,0
ASV1289,0,0,0,0,0,0
ASV1290,0,0,0,0.000216919739696312,0,0
ASV1291,0,0,0,0,0,0
ASV1293,0,6.19770684846607e-05,0.000139448404090487,0,4.64828013634955e-05,0
ASV1294,0,0,0,0,0,0
ASV1299,0,0,0,0,0,0.000619770684846607
ASV1301,0.000185931205453982,0,0,0,0,0
ASV1303,0.000387356678029129,0.000216919739696312,0,0.000139448404090487,0,0.000154942671211652
ASV1308,0,0,0,0,0,0
ASV1313,0.000201425472575147,0.000278896808180973,0,0,7.74713356058258e-05,0
ASV1317,0,0,0,0,0,0
ASV1318,0,0,0,0,0,0
ASV1319,0,0,0,0,0,0
ASV1320,0,0,0,0,0,0
ASV1321,0,0,0,0,0,0
ASV1322,0,0,0,0,0,0
ASV1323,0,0,0,0,0,0
ASV1325,0,0.000495816547877285,0.000170436938332817,0,0,0
ASV1326,6.19770684846607e-05,0,3.09885342423303e-05,0,0,0.000309885342423303
ASV1328,0.000433839479392625,3.09885342423303e-05,4.64828013634955e-05,6.19770684846607e-05,0,0
ASV1329,0.000263402541059808,0.000185931205453982,0,0,0,0
ASV1331,0,0,0,0,0,0
ASV1333,0,0,0,0,0,0
ASV1339,0,0,0,9.2965602726991e-05,0,0
ASV1340,0,0,0,0,0,0
ASV1342,0,0,0,0,0,0
ASV1348,0,0.000139448404090487,0,0,0,3.09885342423303e-05
ASV1349,0.000340873876665634,0.000464828013634955,0,0.000108459869848156,0,0
ASV1353,0,0,0,0,0,0.000263402541059808
ASV1355,0,0,0,0.00089866749302758,0,0
ASV1356,0,0,0,0.000743724821815928,0,0
ASV1361,0,0,0,0,0,0
ASV1364,0.00048032228075612,0,0,0,0,0.000201425472575147
ASV1365,0.000464828013634955,0,0,0.000263402541059808,0,0
ASV1366,0,0,0,0,0.000139448404090487,0
ASV1367,0,0,0.00089866749302758,4.64828013634955e-05,0,0
ASV1373,0,0,0,0,0,0
ASV1376,0,0,0,0,0,0
ASV1377,0,0,0,0,0,0
ASV1378,0,0,0,0,0,0
ASV1379,0,0,0,0,0,0
ASV1380,0,0,0,0,0,0
ASV1382,0,0,0,0.000108459869848156,0.000154942671211652,0
ASV1390,0,4.64828013634955e-05,0,0,0,6.19770684846607e-05
ASV1392,9.2965602726991e-05,3.09885342423303e-05,0.000139448404090487,0.000108459869848156,0.000185931205453982,7.74713356058258e-05
ASV1393,0,0,0,0,0,0.000201425472575147
ASV1399,0,0,0,0,0,0
ASV1400,0,0,0,0,0,0
ASV1403,0,0,0,0,0,0.000139448404090487
ASV1404,0,0,6.19770684846607e-05,0,0,0
ASV1408,0,0,0,4.64828013634955e-05,0.000387356678029129,0
ASV1409,0,0,0,0,0,0
ASV1414,0.000123954136969321,0,0.000108459869848156,0.000201425472575147,9.2965602726991e-05,4.64828013634955e-05
ASV1418,0,0,0,0,0,0
ASV1420,0,0,4.64828013634955e-05,0,0,0.000278896808180973
ASV1421,0,0,0,0,0,0
ASV1425,0.000681747753331267,0,0.000108459869848156,0,0.000247908273938643,0
ASV1426,0,0,0,0,0,0
ASV1428,0,0,0,0,0,0
ASV1431,0,0,0,0,0,0
ASV1432,0,1.54942671211652e-05,0,0,0,0
ASV1433,0,0,0,0,0,0
ASV1436,0,0.000697242020452433,0,0,0,0
ASV1437,0,0,0,1.54942671211652e-05,0,0
ASV1439,0,0,0,0,0,0
ASV1444,0.000371862410907964,0,0,0.00041834521227146,0.000139448404090487,0
ASV1446,0,0,0,0.00041834521227146,0,0
ASV1449,0,0,0,0,0,0
ASV1454,9.2965602726991e-05,0,6.19770684846607e-05,9.2965602726991e-05,0,0
ASV1459,0,0.000108459869848156,0,0.000170436938332817,7.74713356058258e-05,0.000108459869848156
ASV1461,0,0,0,0,0,0
ASV1464,0,0,0,0,0,3.09885342423303e-05
ASV1466,0,0,0,0,0,0
ASV1468,0,0,0,0,0,0
ASV1469,0,0,0,0,0,0
ASV1470,0,0,0,0.000712736287573598,0,0
ASV1471,0,0,0,0.000774713356058258,0,0
ASV1476,0,0,0,0,0,0
ASV1477,0,0,0,0,0,0
ASV1480,0,0,0,0,0,0
ASV1481,0,0,0.000650759219088937,0,0,0
ASV1482,0,0,0,0,0.000340873876665634,0.000139448404090487
ASV1486,0,0,0,0,0,0
ASV1487,0,0,0,0,0,0
ASV1492,0,0,0,0,0,0
ASV1493,0,0,0,0,0,0
ASV1494,0,0,0,0,0,0
ASV1497,0,0,0,0,0,0.000852184691664084
ASV1498,0,0,7.74713356058258e-05,0,0,4.64828013634955e-05
ASV1499,0.000759219088937093,0,0,0.000139448404090487,0,0
ASV1500,0,0,0,0,0,0
ASV1502,0,0,0,0,0,0
ASV1507,0,0,4.64828013634955e-05,3.09885342423303e-05,0,0
ASV1508,0,0,0,0,0,0
ASV1510,0,0,0,0,0,0
ASV1512,0,0,0,0,0,0
ASV1517,0,0,0.000123954136969321,0,0,0
ASV1520,0,0,0,0,0,0
ASV1522,0,0,0,0,0,0
ASV1525,0,0,0,9.2965602726991e-05,0,0
ASV1526,0,0,0,0.000371862410907964,0,0
ASV1532,0,0,0,0,0,0
ASV1533,0,0,0,0,0,0
ASV1537,0,0,0,0,0,0.00041834521227146
ASV1542,0.000123954136969321,6.19770684846607e-05,0,0,0,0
ASV1549,0,0,0,0,0,0
ASV1550,0.000108459869848156,0.000108459869848156,0,0,0,0
ASV1551,0,0,0,0,0,0
ASV1552,0,0,0,0,0,0
ASV1554,0,0,0,0,0,0
ASV1555,0,0,0,0,0,0
ASV1557,9.2965602726991e-05,7.74713356058258e-05,1.54942671211652e-05,0,0,0
ASV1558,0,0,0,0,0,0
ASV1562,0,0,0,0.000697242020452433,0,0
ASV1563,0,0,6.19770684846607e-05,0,0,0
ASV1566,0,0,0,0,0,0
ASV1570,0,0,0,0,0,0
ASV1571,0,0,0,0,0,0
ASV1572,0,0,0,0,0,0
ASV1573,0,7.74713356058258e-05,0.000294391075302138,0.000123954136969321,0,0
ASV1574,0,0.000123954136969321,0,0,0,0
ASV1576,0,3.09885342423303e-05,0.000108459869848156,0,0,6.19770684846607e-05
ASV1578,0,0,0.000573287883483111,1.54942671211652e-05,0,0
ASV1580,0,0,0,0.000247908273938643,0.000201425472575147,0
ASV1584,0,0,0,0,0,0
ASV1587,0,0,0,0,0,0
ASV1599,0,0,0,0,0,0
ASV1600,0,0,0,0,0.000542299349240781,0
ASV1603,0,0,0,0,0,0
ASV1608,0,0,0,0,0,0
ASV1610,0,0,0,0,0,0
ASV1611,0.000108459869848156,0,0,0.000123954136969321,0.000232414006817478,0
ASV1614,0,0,0,0,0,0
ASV1616,0,0,0,0,0,0
ASV1619,0,0,0,0,0,0
ASV1620,0,0,0.000201425472575147,0.000216919739696312,0,0
ASV1624,0.000247908273938643,0.000232414006817478,0,0,0,0
ASV1625,0,0,0,0,0,0
ASV1630,0,0,0,0,0,0
ASV1632,0,0,0,0,0,0
ASV1636,0,0,0,6.19770684846607e-05,0.000154942671211652,0
ASV1637,4.64828013634955e-05,0,0,0.00041834521227146,0,0
ASV1638,0,0,0,0,0,0
ASV1640,0,0,0,0,0,0
ASV1642,0,0,0,6.19770684846607e-05,0,0
ASV1644,0,0,0,0,0,0
ASV1647,0,0,0,0,0,0
ASV1648,0,0,0,0,0,0
ASV1649,0,0,0,0,0,0
ASV1650,0,0,0,0,0,0
ASV1651,0,0,0,0,0,0
ASV1655,0,0,0,0.00041834521227146,0,0
ASV1657,0,0,0.000309885342423303,0,0,0
ASV1658,0.000201425472575147,0.000278896808180973,9.2965602726991e-05,7.74713356058258e-05,0,0
ASV1663,0,0,0,0,0,0
ASV1666,0,0,0,0,0,0
ASV1668,0,0,0,0,0,0
ASV1669,0,0,0.000108459869848156,0.000263402541059808,0,0.000170436938332817
ASV1674,0,0,0.000201425472575147,0,0,0
ASV1683,0.000712736287573598,0,0,0.000123954136969321,0,0
ASV1684,0,0,0.000464828013634955,0,0,0
ASV1685,0,0,0.000232414006817478,0,0,0
ASV1686,4.64828013634955e-05,0,0,0,0,0.000278896808180973
ASV1688,0,0,0,0,0,0
ASV1689,0,0,0,0,0,0
ASV1690,0,0,0,0,0,0
ASV1691,0,0,0,0,0,0
ASV1694,0,0,0,0,0,0
ASV1695,0,0,0,0,0,0
ASV1697,0,0,0,0.000356368143786799,0,0
ASV1700,0,0,0.000232414006817478,0,0,0
ASV1701,0.000619770684846607,0,0,0,0,0
ASV1702,0,0,0,0.000170436938332817,0,0
ASV1705,0,0,0,0,0.000635264951967772,0
ASV1706,0,0,0,0,0,0
ASV1709,0,0,0,0,0,0
ASV1711,0,0,0,0,0,0
ASV1713,0,0,0,0,0.000371862410907964,0
ASV1720,0,6.19770684846607e-05,0,0,0,0.000108459869848156
ASV1721,0,0.000201425472575147,0,0.000356368143786799,0,0
ASV1723,0,0,0,0,0,0
ASV1724,0,0,0,0,0,0
ASV1726,0,0,0,0,0,0
ASV1727,0,0,0,0,0,0
ASV1732,0,4.64828013634955e-05,0,0,0,0
ASV1734,0.000139448404090487,0.000139448404090487,0,0,0.000216919739696312,0
ASV1735,0.000247908273938643,0.000201425472575147,0,0,0,0
ASV1737,0,0,0,0,0,0
ASV1742,0,0,0,0,0,0
ASV1743,0,0,0,0,0,0
ASV1745,0,0,0,0.000185931205453982,0,0
ASV1746,0,0,7.74713356058258e-05,0,0,0
ASV1747,0,0,0.000139448404090487,4.64828013634955e-05,3.09885342423303e-05,0
ASV1748,0,0.000278896808180973,0,0,0,0
ASV1751,0,0,0,0,0,0
ASV1758,0,0,0,0,0,0
ASV1760,0,0,0,0,0,0
ASV1761,0,0,0,0,0,0
ASV1764,0,0,0,0,0.000154942671211652,0.000139448404090487
ASV1767,0.000402850945150294,0.000247908273938643,0,0,0,0
ASV1768,0,0,0,0,0,0
ASV1770,0,0,0,0,0,0
ASV1775,0,0,0,0,0,0
ASV1779,0,0,0,0,0,0
ASV1781,0,0,0,0.000542299349240781,0,0
ASV1782,9.2965602726991e-05,0,7.74713356058258e-05,6.19770684846607e-05,0,0.000139448404090487
ASV1784,0,0,0,0,0,0
ASV1785,0,0,0,0,0,0
ASV1792,0,0,0,0,0.000325379609544469,7.74713356058258e-05
ASV1793,0,0,0,0,0.000557793616361946,0
ASV1796,0,0,0,0,0.000123954136969321,0
ASV1799,0,0,0,0,0,0
ASV1800,0,0,0,0,0,0
ASV1803,0,0,0,0,0,0
ASV1805,0,0,0.000232414006817478,0,0,0
ASV1816,0,0,0,0,0,0
ASV1818,0,0,0,9.2965602726991e-05,0,0
ASV1820,0,1.54942671211652e-05,0.000154942671211652,4.64828013634955e-05,0,0
ASV1826,0,0,0,0,0,0
ASV1831,0,0,0,0,0,0
ASV1832,0,0,0,0,0,0
ASV1833,0,0,0,0,0,0
ASV1835,0,0,0,0,0,0
ASV1837,0,0,0,0,0,0
ASV1841,0,0,0,9.2965602726991e-05,0,0
ASV1844,0,0,0,0,0,0.00041834521227146
ASV1846,0,0,0,0,0,0
ASV1847,0,0,0,0,0,0
ASV1851,0,0,0,0,0,0
ASV1852,0,0,0,0,0,0
ASV1856,0,0.00048032228075612,0,0,0,0
ASV1857,0,6.19770684846607e-05,0,3.09885342423303e-05,0,9.2965602726991e-05
ASV1862,0,0,0,0,0,0
ASV1866,0,0,0,0,0,0
ASV1871,0,0,0.000170436938332817,0,0,0
ASV1876,0.000232414006817478,0.000294391075302138,0,0,0,0
ASV1877,0,0,0,0,0,0
ASV1878,7.74713356058258e-05,0,0,0,6.19770684846607e-05,0
ASV1880,0,0,0,0,0,0
ASV1883,0,0,0,0,0,0
ASV1884,0,0,0,0,0,0
ASV1885,0,0,0,0,0,0
ASV1886,0,0,0,0,0,0
ASV1888,0,0,0,0,0,0
ASV1891,0,0,0.000294391075302138,0,0,0
ASV1894,0,0,0,0,0,0
ASV1900,0,0,0,0,0,0
ASV1904,0,0,0,0,0,0.000325379609544469
ASV1905,0,0,0,0.000185931205453982,0,0
ASV1909,0,0,0,0,0,0
ASV1911,0,0,0,0,0,0
ASV1912,0,0,0,0,0,0
ASV1914,0,0,0,0,0,0
ASV1915,0,0,0,0,0,0
ASV1917,0,0,0,0,0,0
ASV1918,0,0,0,0,0,0
ASV1919,0,0,0,0,0,0
ASV1923,0,0,0,0,0,0
ASV1926,0.000294391075302138,0,0,0.000123954136969321,0,0
ASV1929,0,0,0.000139448404090487,6.19770684846607e-05,7.74713356058258e-05,6.19770684846607e-05
ASV1938,0,0,0,0,0,0
ASV1940,0,0,0,0,9.2965602726991e-05,0.000232414006817478
ASV1941,0,0,0,0,0,0
ASV1944,0,0,6.19770684846607e-05,0.000185931205453982,9.2965602726991e-05,0
ASV1945,0.000604276417725442,0,0,0,0,0
ASV1947,0,0,0,0.000185931205453982,0.000278896808180973,0
ASV1949,0,0,3.09885342423303e-05,0,0,0
ASV1951,0,0,0,0,0,0
ASV1954,0,0,0,0,0,0
ASV1957,0,0,0,0,0,0
ASV1959,0,0,0,0,0,0
ASV1962,0,0,0.000123954136969321,0,0,0
ASV1963,6.19770684846607e-05,0.000185931205453982,0,0,0,0
ASV1966,0,0,0,0,0,0
ASV1968,0,0,0,0,0,0
ASV1970,0,0,3.09885342423303e-05,7.74713356058258e-05,0.000201425472575147,0
ASV1973,0,0,0,0,0,0
ASV1975,0,0,0,0,0,0
ASV1979,0,0,0,0,0,0
ASV1982,0,0,0,0,0,0
ASV1985,0,0,0,0,0.000232414006817478,0
ASV1995,0,0,0,0,0,0
ASV2000,0,0,0,0,0,0
ASV2006,0.000247908273938643,0.000170436938332817,0,4.64828013634955e-05,0,0
ASV2008,0.000185931205453982,0.000263402541059808,0,0,0,0
ASV2011,0,0,0,0.000247908273938643,7.74713356058258e-05,0
ASV2012,0,0,0,0.000402850945150294,0,0
ASV2019,0,0,0,0,0,0
ASV2026,0,0,0,0,0,0
ASV2027,0,0,0,0,0,0
ASV2029,0,0,0,0,0,0
ASV2030,0,0,0,0,0,0
ASV2036,0.000263402541059808,0,0,6.19770684846607e-05,0,0
ASV2044,0,0,0,0,0,0
ASV2045,0,0,0,0,0,0
ASV2052,0,0,0,0,0,0.000123954136969321
ASV2053,0,0,0.00041834521227146,0,0,0
ASV2055,0,0.000371862410907964,0,0,0,0
ASV2057,0.000278896808180973,0,0,0,0,0.000232414006817478
ASV2058,3.09885342423303e-05,0,7.74713356058258e-05,0,0,0.000139448404090487
ASV2062,0,0,0,0,0,0
ASV2064,0,0,0,0,0,0
ASV2066,0,0,0,0,0,0
ASV2069,0,0,0,0,0,0
ASV2072,0,0,0,0,0,0
ASV2075,0,0,0,0,0,0
ASV2077,0,0,0,0,0,0
ASV2078,0,0,0,0.000201425472575147,0,0
ASV2081,0,0,0,0,0,0.000433839479392625
ASV2086,0,4.64828013634955e-05,0,0.000294391075302138,1.54942671211652e-05,0
ASV2087,0,0,0,0.000216919739696312,0.000185931205453982,0
ASV2091,0,0,0,0,0,0.000123954136969321
ASV2092,0,0,0,6.19770684846607e-05,0.000123954136969321,0
ASV2094,0,0,0,0,0,0
ASV2100,0,0,0,0,0,0
ASV2102,0,0,0,0,0,0
ASV2104,0,0,0,0,0,0
ASV2108,0,0,0,0,0.000232414006817478,0
ASV2109,0,0,0,0,0,0
ASV2113,0,0,0,0,0.000170436938332817,0
ASV2114,0,0,0,0.000371862410907964,0,0
ASV2116,0,0,0,0,0,0.000371862410907964
ASV2117,0,0,0,0,0,0.000201425472575147
ASV2118,0,0,0,0,0,0.000154942671211652
ASV2122,0,0,0,0,0,0
ASV2125,0,0,0,0,0,0
ASV2129,0,0,0,0,0,0
ASV2130,0,0,0,0,0,0
ASV2134,0,0,0,0,0,0
ASV2136,0,0,0,0,0,0
ASV2140,0,0,0,0,0,0
ASV2146,0.000325379609544469,0,0.000123954136969321,0,0,0
ASV2147,0.000154942671211652,0.000232414006817478,0,0,0,0
ASV2151,0,7.74713356058258e-05,0,3.09885342423303e-05,0,0
ASV2156,0,0,0,0,0.000232414006817478,0
ASV2159,0,0,0,0,0,0
ASV2160,0,0,0,0,0,0
ASV2161,0,0,0,0,0,0
ASV2163,0,0,0,0,0,0
ASV2165,0,0,0,0,0,0
ASV2170,0,0,0,0,0,0
ASV2171,0,0,0,0,0,0
ASV2173,0,0,0,0,0.000387356678029129,0
ASV2177,0,0,0.000108459869848156,0.000170436938332817,0,0
ASV2178,0,0,0,0,0.000201425472575147,0
ASV2180,0,0,0,0,0,0.000402850945150294
ASV2184,0,0,0,0,0,0
ASV2188,0,0,0,0,0,0
ASV2191,0,0,0,0,0,0
ASV2192,0,0,0,0,0,0
ASV2201,0,0,0,0.000139448404090487,6.19770684846607e-05,0
ASV2202,0,0,0,0.000123954136969321,0,0.000170436938332817
ASV2206,0,0,0,0,0,0
ASV2207,0,0,0,0,0,0
ASV2211,0,0,0,0,0,0
ASV2212,0,0,0,0,0,0
ASV2221,0,0,0,0,0,0
ASV2222,0,0,0,0,0,0
ASV2223,0,0,0,0,0.000108459869848156,0
ASV2226,0,0,0.000216919739696312,0,0,0
ASV2229,0,0,0,0,0,0
ASV2233,0,0,0,0,0,0
ASV2239,0,0,0,0,0,0
ASV2240,0,0,0,0,0,0
ASV2241,0,0,0,0,0,0
ASV2242,0,0,0,0,0,0
ASV2243,0,0,0,0,0,0
ASV2250,0.000464828013634955,0,0,0,0,0
ASV2251,0.000216919739696312,0,0,0,0,0.000154942671211652
ASV2255,0,0,0,0.000154942671211652,0,0
ASV2259,0,0,0,0,0,6.19770684846607e-05
ASV2260,0,0,0,0,0,0
ASV2262,0,0,0,0,0,0
ASV2263,0,0,0,0,0,0
ASV2271,0,0,0,0,0,0
ASV2272,0,0,0,0,0,0
ASV2275,0,0,0,0,0,0
ASV2276,0,0,0,0,0,0
ASV2281,0.000263402541059808,0,0,0,0,0
ASV2284,9.2965602726991e-05,0,0,0,0,0
ASV2285,0,0.000309885342423303,0,0,0,0
ASV2286,0.000185931205453982,0,0,7.74713356058258e-05,0,7.74713356058258e-05
ASV2287,0.000433839479392625,0,0,0,0,0
ASV2292,0,0,0,0,0,0
ASV2293,0,0,0,0,0,0
ASV2294,0,0,3.09885342423303e-05,0,0,0
ASV2295,0,0,0,0,0,0
ASV2296,0,0,0,0,0,0
ASV2297,0,0,0,0,0,0
ASV2298,0,0,0,0,0,0
ASV2300,0,0,0,0,0,0
ASV2303,0,0,0,0,0,0
ASV2307,0,0,0,0,0,0
ASV2308,0,0,0,0,0,0
ASV2309,0,0,0,0,0,0.000139448404090487
ASV2312,0,0,0,9.2965602726991e-05,0,0
ASV2317,0,0,0,0,0,0
ASV2319,0,0,0,0,0,0
ASV2322,0,0,0,0,0,0
ASV2323,0,0,0,0,0,0
ASV2327,0,0,0,0,0,0
ASV2334,0,0,0,0,0,0
ASV2336,0.000108459869848156,0,0,4.64828013634955e-05,0,7.74713356058258e-05
ASV2337,0.000201425472575147,0,0,0,0,0
ASV2342,0,0,0,0,0,0
ASV2345,0,0,0,0,0,0
ASV2346,0,0,0,0,0,0
ASV2350,0,0,0,0,0,0
ASV2354,0,0,0,0,0,0
ASV2365,0.000154942671211652,0.000154942671211652,0,0,0,0
ASV2371,0,0,0.000154942671211652,0,0,0
ASV2372,0,0,0,9.2965602726991e-05,0,0
ASV2373,0.000170436938332817,0.000154942671211652,0,0,0,0
ASV2376,0,0,0,0,0,0.000247908273938643
ASV2390,0,0,0,0,0,0
ASV2392,0,0,0,0,0,0
ASV2394,0,0,0,0,0,0
ASV2395,0,0,0,0,0,0
ASV2397,0,0,0,0,0,0
ASV2403,0,0,0,0,0.000309885342423303,0
ASV2406,0,0,0,0,0,0
ASV2407,0,0,0,0,0,0.000247908273938643
ASV2409,0,0,0,0,0,0
ASV2410,0,0,0,0,0,0
ASV2411,0,0,0,0,0,0
ASV2413,0,0,0,0,0,0
ASV2418,0,0,0,0,0,0
ASV2419,0,0,0,0,0,0
ASV2421,0,0,0,0,0,0
ASV2423,0,0,0,0,0,0
ASV2424,0,0,0,0,0,0
ASV2425,0,0,0,0,0,0
ASV2429,0,0,0,0,0,0
ASV2430,0,0,0,0,0,0
ASV2433,0,0,0,0,0,0
ASV2436,0,0,0,0,0,0
ASV2442,0,0,0.000201425472575147,0,0,0
ASV2445,0,0,0,0.000123954136969321,9.2965602726991e-05,0
ASV2446,0,0,0,0,0.000170436938332817,0
ASV2448,0,0,7.74713356058258e-05,0,0,0
ASV2451,0,0,0,0,0,0
ASV2452,0,0,0,0,0,0
ASV2455,0,0,0,0,0,0
ASV2458,0,0,0,0,0,0
ASV2460,0,0,0,0,0,0
ASV2462,0,0,0,0,0,0
ASV2463,0,0,0,0,0,0
ASV2469,0,0,0,0,0,0
ASV2473,0,0,0,0,0,0
ASV2474,0,0,0,0,0,0
ASV2484,0,0,0,0,0,0
ASV2487,0.000356368143786799,0,0,0,0,0
ASV2488,0,0,0.000154942671211652,0,0,0
ASV2490,0,0,0,0,0,0
ASV2491,0,0,9.2965602726991e-05,7.74713356058258e-05,0,0
ASV2492,0,0,3.09885342423303e-05,0,0,0
ASV2496,0,0,0,9.2965602726991e-05,0,0
ASV2498,0,0,0,0.000247908273938643,0,0
ASV2499,0,0,0,6.19770684846607e-05,0,7.74713356058258e-05
ASV2500,0,0,0,0,0,0.000278896808180973
ASV2503,0,0,0,0,0.000185931205453982,0.000108459869848156
ASV2506,0,0,0,0,0,0
ASV2507,0,0,0,0,0,0.000185931205453982
ASV2509,0,0,0,0,6.19770684846607e-05,0
ASV2510,0,0,0,0,3.09885342423303e-05,0
ASV2518,0,0,0,0,0,0
ASV2519,0,0,0,0,0,0
ASV2521,0,0,0,0,0,0
ASV2524,0,0,0,0,0,0
ASV2531,0,0,0,0,0,0
ASV2532,0,0,0,0,0,0.000154942671211652
ASV2537,3.09885342423303e-05,3.09885342423303e-05,0,6.19770684846607e-05,0,3.09885342423303e-05
ASV2540,0,4.64828013634955e-05,0,0,0,0
ASV2542,0,0,7.74713356058258e-05,0,0,6.19770684846607e-05
ASV2543,0.000340873876665634,0,0,0,0,0
ASV2544,0,0,3.09885342423303e-05,0,0,0
ASV2547,0,0,0,0,0.000139448404090487,0
ASV2549,0,0,0,0,0,0.000278896808180973
ASV2550,0,0,0,0,0,0.000139448404090487
ASV2551,0,0,0,0,0,0
ASV2552,0,0,0,0.000247908273938643,0,0
ASV2558,0,0,0,0,0,0
ASV2561,0,0,0,0,0,0
ASV2563,0,0,0,0,0,0
ASV2565,0,0,0,0,0,0
ASV2572,0,0,0,0,0,0
ASV2575,0,0,0.000108459869848156,0,0,0
ASV2577,0,0,0,0.000201425472575147,0,0
ASV2586,0,0,0,0,0,0
ASV2591,0,0,0,0,0,0
ASV2593,0,0,0,0,0,0
ASV2595,0,0,0,0,0,0
ASV2598,0,0,0,0,0,0
ASV2600,0,0,0,0,0,0
ASV2603,0,0,0,0,0,0
ASV2605,0,0,0,0,0,0
ASV2607,0,0,0,0,0,0
ASV2611,0,0,0,0,0,0
ASV2614,0,0,0,0,0,0
ASV2615,0,0,0,0,0,0
ASV2618,0,0,0,0,0,6.19770684846607e-05
ASV2621,0,0,0,0,0,0
ASV2623,0,0.000108459869848156,0,0,0,0
ASV2625,0,0,0.000185931205453982,0,0,0
ASV2627,0,0,7.74713356058258e-05,0,0.000123954136969321,0
ASV2628,0,0,0.000123954136969321,0,0,0
ASV2629,0,0,0,0.000247908273938643,0,0
ASV2630,0,0,0,0.000123954136969321,0.000139448404090487,0
ASV2633,0,0,3.09885342423303e-05,0.000108459869848156,0,0
ASV2634,0,0,0,0,9.2965602726991e-05,0
ASV2637,0,0,0,0,0,0
ASV2638,0,0,0,0,0,0
ASV2639,0.000309885342423303,0,0,0,0,0
ASV2640,0,0,0,0,0,3.09885342423303e-05
ASV2645,0,0,0,0,0.000139448404090487,0
ASV2647,0,0,0,0,0,0
ASV2658,0,0,0,0,0,0
ASV2670,0,0,0,0,0,0
ASV2675,0,0,0,0,0,0
ASV2677,0,0,0,0,0,0
ASV2681,0,0,0.000139448404090487,9.2965602726991e-05,0,0
ASV2682,0,0,0,0.000170436938332817,1.54942671211652e-05,0
ASV2691,0,0.000139448404090487,0,7.74713356058258e-05,0,0
ASV2692,0.000185931205453982,0,0,6.19770684846607e-05,0,0
ASV2699,0,0,0,0,0,0
ASV2700,0,0,0,0,4.64828013634955e-05,0
ASV2709,0,0,0,0,0,0
ASV2712,0,0,0,0,0,0.000247908273938643
ASV2713,0,0,0,0,0,0
ASV2715,0,0,0,0,0,0
ASV2723,0,0,0,0,0,0
ASV2727,0,0,0,0,0,0
ASV2734,0,0,0,0,0,0
ASV2735,0,0,0,0,0,0
ASV2739,0,0,0,0,0,0
ASV2741,0,0,0,0,0,0
ASV2746,0,0,0,0,0,0
ASV2753,0,0,0.000123954136969321,0,0,0
ASV2757,0,0,0,0.000201425472575147,0,0
ASV2759,0,0,0,0,0.000232414006817478,0
ASV2760,0,0,0,0,0,0
ASV2761,0,0,0,0,0.000232414006817478,0
ASV2769,0,0,0,0,0,0.000232414006817478
ASV2770,0,0,0,0,0,6.19770684846607e-05
ASV2771,0,0,0,0,0.000123954136969321,0
ASV2774,0,0,0,0,0,0
ASV2775,0,0,0,0,0,0
ASV2776,0,0,0,0,0,0
ASV2778,0,0,0,0,0,0
ASV2782,0,0,0,0,0,0
ASV2784,0,0,0,0,0,0
ASV2790,0,0,0,0,0,0
ASV2791,0,0,0,0,0,0
ASV2795,0,0,0,0,0,0
ASV2796,0,0,0,0,0,0
ASV2797,0,0,0,0,0,0
ASV2802,0,0,0,0,0,0
ASV2805,0,0,0,0.000123954136969321,0,4.64828013634955e-05
ASV2810,0,0.000185931205453982,0,0,0,0
ASV2812,0,0.000185931205453982,0,0,0,0
ASV2814,0,0,7.74713356058258e-05,0,0,0
ASV2816,0,0,0.000201425472575147,0,0,0
ASV2819,6.19770684846607e-05,0,0,4.64828013634955e-05,0,0
ASV2822,0,0,0,0,0,0
ASV2826,0,0,0,0,0,0
ASV2827,0,0,0,0,0,0
ASV2828,0,0,0,0,0,0
ASV2830,0,0,0,0,0,0.000154942671211652
ASV2833,0,0,0,0.000201425472575147,0,0
ASV2834,0,0,0,0,0,0
ASV2836,0,0,0,0,0,0
ASV2838,0,0,0,0,0,0
ASV2840,0,0,0,0,0,0
ASV2841,0,0,0,0,0,0
ASV2842,0,0,0,0,0,0
ASV2844,0,0,0,0,0,0
ASV2846,0,0,0,0,0,0
ASV2852,0,0,0,0,0,0
ASV2855,0,0,0,0,0,0
ASV2859,0,0,0,0,0,0
ASV2864,0,0,0,0,0.000170436938332817,0
ASV2865,0.000263402541059808,0,0,0,0,0
ASV2868,0,0.000108459869848156,0,0,0,0
ASV2872,0,0,0,0.000185931205453982,0,0
ASV2873,0,0,0,0.000139448404090487,0,0
ASV2874,0,0,0,0.000185931205453982,0,0
ASV2877,0,0,0.000123954136969321,0,0,0
ASV2879,0,0,0,0,0,0.000139448404090487
ASV2880,0,0,0,0,0,0
ASV2883,0,0,0,0,0,0
ASV2886,0,0,0,0,0,0.000123954136969321
ASV2887,0,0,0,0,0,0.000108459869848156
ASV2889,0,0,0,0,0,0.000154942671211652
ASV2890,0,0,0,0,0.000216919739696312,0
ASV2892,0,0,0,0,0,0
ASV2898,0,0,0,0,0,0
ASV2910,0,0,0,0,0,0
ASV2924,0,0,0,0,0,0
ASV2930,0,0,0.000139448404090487,0,6.19770684846607e-05,0
ASV2936,0,0,0,0,0,0
ASV2939,0.000123954136969321,0,0,4.64828013634955e-05,0,0
ASV2943,0,0.000170436938332817,0,0,0,0
ASV2944,0,0,0,0,0.000185931205453982,0
ASV2948,0,0,0,0,0,0
ASV2950,0,0,0,0,0,0
ASV2951,0,0,0,0,0,0
ASV2953,0,0,0,0,0,0
ASV2954,0,0,0,0,0,0
ASV2957,0,0,0,0,0,9.2965602726991e-05
ASV2970,0,0,0,0,0,0
ASV2971,0,0,0,0,0,0
ASV2975,0,0,0,0,0,0
ASV2978,0,0,0,0,0,0
ASV2980,0,0,0,0,0,0
ASV2984,0,0,0,0,0,0
ASV2990,0,0,0,0,0,0
ASV3003,0,0,0,0,0,0
ASV3012,0,0,0,1.54942671211652e-05,3.09885342423303e-05,0.000123954136969321
ASV3017,0,0,0.000170436938332817,0,0,0
ASV3021,0,0,0.000139448404090487,0,0,0
ASV3023,0,4.64828013634955e-05,0,7.74713356058258e-05,0,0
ASV3026,0,7.74713356058258e-05,0,0,0,9.2965602726991e-05
ASV3029,0.000232414006817478,0,0,0,0,0
ASV3033,0.000185931205453982,0,0,0,0,0
ASV3034,0,0,0,0,0.000201425472575147,0
ASV3036,0,0,0,0,0.000185931205453982,0
ASV3038,0,0,0,0,0,0
ASV3040,0,0,0,0,0,0
ASV3041,0,0,0,0,0,0
ASV3046,0,0,0,0,0,0
ASV3051,0,0,0,0,0,0.000185931205453982
ASV3055,0,0,0,0,0.000108459869848156,0
ASV3057,0,0,0,0,0,0
ASV3064,0,0,0,0,0,0
ASV3071,0,0,0,0,0,0
ASV3079,0,0,0,0,0,0
ASV3080,0,0,0,0,0,0
ASV3081,0,0,0,0,0,0
ASV3085,0,0,0,0,0,0
ASV3087,0,0,0,0,0,0
ASV3091,0,0,0,0,0,0
ASV3092,0,0,0,0,0,0
ASV3102,0,0,0,0,0.000108459869848156,0
ASV3106,0,0,0,0,0.000123954136969321,0
ASV3110,0,0,0,3.09885342423303e-05,0,0
ASV3111,0,0,0,0.000170436938332817,0,0
ASV3112,0,0,0,4.64828013634955e-05,0,0
ASV3113,0,0,0,9.2965602726991e-05,0,0
ASV3114,0,0,0,0.000170436938332817,0,0
ASV3115,0,0,0.000170436938332817,0,0,0
ASV3116,0,1.54942671211652e-05,4.64828013634955e-05,0,9.2965602726991e-05,0
ASV3117,0,0.000154942671211652,0,0,0,0
ASV3119,0,0,0,0,0,0
ASV3121,0.000170436938332817,3.09885342423303e-05,0,1.54942671211652e-05,0,0
ASV3130,0,0,0,0,0,0
ASV3133,0,0,0,0,0,0
ASV3134,0,0,0,0,0,0
ASV3137,0,0,0,0,0,0
ASV3138,0,0,0,0,0,0.000185931205453982
ASV3141,0,0,0,0,0,0.000170436938332817
ASV3148,0,0,0,0,0,0
ASV3149,0,0,0,0,0,0
ASV3154,0,0,0,0,0,0
ASV3155,0,0,0,0,0,0
ASV3156,0,0,0,0,0,0
ASV3158,0,0,0,0,0,0
ASV3161,0,0,0,0,0,0
ASV3162,0,0,0,0,0,0
ASV3169,0,0,0,0,0,0
ASV3171,0,0,0,0,0,0
ASV3174,0,0,0,0,0,0
ASV3179,0,0,0,0,0,0
ASV3184,0,0,0,0,0,0
ASV3191,0,0,0,0.000154942671211652,0,0
ASV3194,0,0,7.74713356058258e-05,0,0,0
ASV3200,0,0.000139448404090487,0,0,0,0
ASV3201,0,0.000139448404090487,0,0,0,0
ASV3202,0,4.64828013634955e-05,0,0,0,0
ASV3204,0.000185931205453982,0,0,0,0,0
ASV3208,0,0,0,0,0,0
ASV3210,0,0,0,0,0,0
ASV3211,0,0,0,0,0,0
ASV3213,0,0,0,0,0,0
ASV3216,0,0,0,0,0,0
ASV3217,0,0,0,0,0,0
ASV3218,0,0,0,0,0,0
ASV3220,0,0,0,0,6.19770684846607e-05,0
ASV3224,0,0,0,0,9.2965602726991e-05,0
ASV3237,0,0,0,0,0,0
ASV3238,0,0,0,0,0,0
ASV3246,0,0,0,0,0,0
ASV3248,0,0,0,0,0,0
ASV3250,0,0,0,0,0,0
ASV3252,0,0,0,0,0,0
ASV3257,0,0,0,0,0,0
ASV3259,0,0,0,0,0,0
ASV3263,0,0,0,0,0,0
ASV3265,0,0,0,0,0,0
ASV3273,0,0,0,0.000139448404090487,0,0
ASV3277,0,0,6.19770684846607e-05,0,0,0
ASV3278,0,0,6.19770684846607e-05,0,0,0
ASV3280,0,0,0.000154942671211652,0,0,0
ASV3281,0,7.74713356058258e-05,0,0,7.74713356058258e-05,0
ASV3285,0.000216919739696312,0,0,0,0,0
ASV3286,0.000201425472575147,0,0,0,0,0
ASV3287,0.000108459869848156,0,0.000123954136969321,0,0,0
ASV3295,0,0,0,0,0,0
ASV3296,0,0,0,0,0,0
ASV3300,0,0,0,0,0,0
ASV3302,0,0,0,0,0,0.000154942671211652
ASV3303,0,0,0,0,0,3.09885342423303e-05
ASV3304,0,0,0,0,0,0.000154942671211652
ASV3305,0,0,0,0,0,6.19770684846607e-05
ASV3308,0,0,0,0,0.000154942671211652,0
ASV3309,0,0,0,0,0.000170436938332817,0
ASV3311,0,0,0,0,0,0
ASV3315,0,0,0,0,0,0
ASV3317,0,0,0,0,0,0
ASV3328,0,0,0,0,0,0
ASV3330,0,0,0,0,0,0
ASV3331,0,0,0,0,0,0
ASV3335,0,0,0,0,0,0
ASV3341,0,0,0,0,0,0
ASV3342,0,0,0,0,0,0
ASV3343,0,0,0,0,0,0
ASV3348,0,0,0,0,0,0
ASV3354,0,0,0,0,0,0
ASV3364,0,0,0,0.000123954136969321,0,0
ASV3365,0,3.09885342423303e-05,0,0,0,0
ASV3368,0,0,0,0,0,0.000201425472575147
ASV3370,0,0,0,0,1.54942671211652e-05,0.000123954136969321
ASV3371,0,0,0,0,7.74713356058258e-05,0
ASV3374,0,0,0,0.000123954136969321,0,0
ASV3376,0,0,0.000108459869848156,0,0,0
ASV3377,0,0.000123954136969321,0,0,0,0
ASV3379,0,9.2965602726991e-05,0,0,0,3.09885342423303e-05
ASV3380,0,6.19770684846607e-05,0,0,0,6.19770684846607e-05
ASV3381,0,0.000139448404090487,0,0,0,0
ASV3386,0.000185931205453982,0,0,0,0,0
ASV3387,0.000108459869848156,4.64828013634955e-05,0,0,0,0
ASV3388,0,0,0,0,0,0
ASV3389,0.000185931205453982,0,0,0,0,0
ASV3390,0,0,0,0,0,0
ASV3395,0,0,0,0,0,0
ASV3400,0,0,0,0,0,0
ASV3402,0,0,0,0,0,0
ASV3403,0,0,0,0,0,0
ASV3404,0,0,0,0,0,0
ASV3405,0,0,0,0,0,0
ASV3410,0,0,0,0,0,0
ASV3432,0,0,0,0,0,0
ASV3441,0,0,0,0,0,0
ASV3442,0,0,0,0,0,0
ASV3447,0,0,0,0,0,0
ASV3449,0,0,0,0,0,0
ASV3450,0,0,0,0,0,0
ASV3453,0,0,0,0,0,0
ASV3459,0,0,0,0,0,0
ASV3461,0,0,0,0,0,0
ASV3467,0,0,0,0,0,0
ASV3471,0,0,0,0,0,0
ASV3472,0,0,0,0,0,0
ASV3475,0,0,0,0,0,0
ASV3479,0,0,0,4.64828013634955e-05,0,0
ASV3480,0,0,0,3.09885342423303e-05,0,0
ASV3483,0,0,0,0.000108459869848156,0,0
ASV3484,0,0,4.64828013634955e-05,0,0,0
ASV3487,0,0,1.54942671211652e-05,0,0,0
ASV3490,0,0,0.000139448404090487,0,0,0
ASV3498,3.09885342423303e-05,0,0,0,0,0
ASV3500,9.2965602726991e-05,0,0,0,0,0
ASV3510,0,0,0,0,0,0
ASV3516,0,0,0,0,0,0
ASV3517,0,0,0,0,0,0
ASV3518,0,0,0,0,0,0
ASV3519,0,0,0,0,0,0
ASV3522,0,0,0,0,0,0.000154942671211652
ASV3524,0,0,0,0,0,0
ASV3525,0,0,0,0,0,0.000139448404090487
ASV3528,0,0,0,0,0,0.000139448404090487
ASV3530,0,0,0,0,0,0
ASV3532,0,0,0,0,0,0
ASV3536,0,0,0,0,0,0
ASV3552,0,0,0,0,0,0
ASV3555,0,0,0,0,0,0
ASV3557,0,0,0,0,0,0
ASV3564,0,0,0,0,0,0
ASV3565,0,0,0,0,0,0
ASV3566,0,0,0,0,0,0
ASV3567,0,0,0,0,0,0
ASV3568,0,0,0,0,0,0
ASV3569,0,0,0,0,0,0
ASV3575,0,0,0,0,0,0
ASV3578,0,0,0,0,0,0
ASV3579,0,0,0,0,0,0
ASV3580,0,0,0,0,0,0
ASV3583,0,0,0,0,0,0
ASV3589,0,0,0,0,0,0
ASV3590,0,0,0,0,0,0
ASV3592,0,0,7.74713356058258e-05,0,0,0
ASV3596,0,0,0,0,0,9.2965602726991e-05
ASV3601,0,0,0,0,6.19770684846607e-05,0
ASV3610,0,0,0.000123954136969321,0,0,0
ASV3612,0,0,0.000139448404090487,0,0,0
ASV3614,0,0,0.000139448404090487,0,0,0
ASV3616,0,0.000123954136969321,0,0,0,0
ASV3621,0,0,0,0,0,0
ASV3629,0,0,0,0,0,0
ASV3631,0,0,0,0,0,0
ASV3632,0,0,0,0,0,0
ASV3633,0,0,0,0,0,0
ASV3637,0,0,0,0,0,0
ASV3639,0,0,0,0,0,0
ASV3640,0,0,0,0,0,0
ASV3651,0,0,0,0,0,0
ASV3652,0,0,0,0,0,0
ASV3672,0,0,0,0,0,0
ASV3674,0,0,0,0,0,0
ASV3685,0,0,0,0,0,0
ASV3686,0,0,0,0,0,0
ASV3687,0,0,0,0,0,0
ASV3689,0,0,0,0,0,0
ASV3691,0,0,0,0,0,0
ASV3692,0,0,0,0,0,0
ASV3693,0,0,0,0,0,0
ASV3695,0,0,0,0,0,0
ASV3696,0,0,0,0,0,0
ASV3698,0,0,0,0,0,0
ASV3699,0,0,0,0,0,0
ASV3701,0,0,0,0,0,0
ASV3703,0,0,0,0,0,0
ASV3707,0,0,0,0,0,0
ASV3711,0,0,0,0,0,0
ASV3725,0,0,0,0.000123954136969321,0,0
ASV3727,0,0,0,0,0.000108459869848156,0
ASV3730,0,0,0,0,3.09885342423303e-05,0.000108459869848156
ASV3733,0,0,0,0,0.000108459869848156,0
ASV3734,0,0,0,0,0,0.000108459869848156
ASV3738,0,0,0,0,0,0.000139448404090487
ASV3739,9.2965602726991e-05,0,0,0,0,0
ASV3751,0,0,3.09885342423303e-05,0,0,0
ASV3752,0,0,0.000123954136969321,0,0,0
ASV3753,0,0,0.000108459869848156,0,0,0
ASV3758,0,0,0,0,0,0
ASV3759,0,0,0,0,0,0
ASV3761,0,0,0,0,0,0
ASV3766,0,0,0,0,0,0
ASV3767,0,0,0,0,0,0
ASV3768,0,0,0,0,0,0
ASV3769,0,0,0,0,0,0
ASV3774,0,0,0,0,0,0
ASV3777,0,0,0,0,0,0
ASV3779,0,0,0,0,0,0
ASV3780,0,0,0,0,0,0
ASV3781,0,0,0,0,0,0
ASV3787,0,0,0,0,0,0
ASV3794,0,0,0,0,0,0
ASV3795,0,0,0,0,0,0
ASV3796,0,0,0,0,0,0
ASV3801,0,0,0,0,0,0
ASV3802,0,0,0,0,0,0
ASV3813,0,0,0,0,0,0
ASV3817,0,0,0,0,0,0
ASV3818,0,0,0,0,0,0
ASV3820,0,0,0,0,0,0
ASV3824,0,0,0,0,0,0
ASV3825,0,0,0,0,0,0
ASV3831,0,0,0,0,0,0
ASV3832,0,0,0,0,0,0
ASV3840,0,0,0,0,0,0
ASV3843,0,0,0,0,0,0
ASV3844,0,0,0,0,0,0
ASV3845,0,0,0,0,0,0
ASV3847,0,0,0,0,0,0
ASV3848,0,0,0,0,0,0
ASV3857,0,0,0,0,0,0
ASV3862,0,0,0,0,0,0
ASV3866,0,0,0,0,0,0
ASV3871,0,0,0,9.2965602726991e-05,0,0
ASV3879,0,0,0,0,6.19770684846607e-05,0
ASV3885,0,0,3.09885342423303e-05,0,0,0
ASV3886,0,0,0,0,0,0
ASV3887,0.000123954136969321,0,0,0,0,0
ASV3888,6.19770684846607e-05,0,0,6.19770684846607e-05,0,0
ASV3894,6.19770684846607e-05,0,0,0,0,0
ASV3895,0.000123954136969321,0,0,0,0,0
ASV3899,0,4.64828013634955e-05,0,0,0,0
ASV3903,0,0,6.19770684846607e-05,0,0,0
ASV3910,0,0,0,0,0,0
ASV3912,0,0,0,0,0,0
ASV3915,0,0,0,0,0,0
ASV3917,0,0,0,0,0,0
ASV3920,0,0,0,0,0,0
ASV3927,0,0,0,0,0,0
ASV3935,0,0,0,0,0,0
ASV3941,0,0,0,0,0,0
ASV3949,0,0,0,0,0,0
ASV3956,0,0,0,0,0,0
ASV3964,0,0,0,0,0,0
ASV3965,0,0,0,0,0,0
ASV3971,0,0,0,0,0,0
ASV3984,0,0,0,0,0,0
ASV3991,0,0,0,0,0,0
ASV3993,0,0,0,0,0,0
ASV3994,0,0,0,0,0,0
ASV3995,0,0,0,0,0,0
ASV3998,0,0,0,0,0,0
ASV4000,0,0,0,0,0,0
ASV4001,0,0,0,0,0,0
ASV4003,0,0,0,0,0,0
ASV4006,0,0,0,0,0,0
ASV4010,0,0,0,0,0,0
ASV4015,0,0,0,0,0,0
ASV4016,0,0,0,0,0,0
ASV4018,0,0,0,0,0,0
ASV4022,0,0,0,0,0,0
ASV4023,0,0,0,0,0,0
ASV4033,0,0,0,0,0,0
ASV4040,0,0,4.64828013634955e-05,0,0,0
ASV4042,0,0,6.19770684846607e-05,4.64828013634955e-05,0,0
ASV4043,0,0,7.74713356058258e-05,0,0,0
ASV4046,0,0,0,7.74713356058258e-05,0,0
ASV4048,0,0,0,4.64828013634955e-05,0,0
ASV4056,0,0,0,0,9.2965602726991e-05,0
ASV4060,0,0,0,0,0,9.2965602726991e-05
ASV4063,0,0,9.2965602726991e-05,0,0,0
ASV4066,0.000123954136969321,0,0,0,0,0
ASV4067,7.74713356058258e-05,0,0,0,0,0
ASV4076,0,3.09885342423303e-05,0,0,0,0
ASV4089,0,0,0,0,0,0
ASV4092,0,0,0,0,0,0
ASV4093,0,0,0,0,0,0
ASV4098,0,0,0,0,0,0
ASV4104,0,0,0,0,0,0
ASV4106,0,0,0,0,0,0
ASV4110,0,0,0,0,0,0
ASV4115,0,0,0,0,0,0
ASV4116,0,0,0,0,0,0
ASV4121,0,0,0,0,0,0
ASV4125,0,0,0,0,0,0
ASV4126,0,0,0,0,0,9.2965602726991e-05
ASV4129,0,0,0,0,0,0
ASV4139,0,0,0,0,0,0
ASV4143,0,0,0,0,0,0
ASV4144,0,0,0,0,0,0
ASV4145,0,0,0,0,0,0
ASV4147,0,0,0,0,0,0
ASV4150,0,0,0,0,0,0
ASV4151,0,0,0,0,0,0
ASV4159,0,0,0,0,0,0
ASV4160,0,0,0,0,0,0
ASV4162,0,0,0,0,0,0
ASV4170,0,0,0,0,0,0
ASV4172,0,0,0,0,0,0
ASV4176,0,0,0,0,0,0
ASV4181,0,0,0,0,0,0
ASV4183,0,0,0,0,0,0
ASV4184,0,0,0,0,0,0
ASV4191,0,0,0,0,0,0
ASV4193,0,0,0,0,0,0
ASV4200,0,0,0,0,0,0
ASV4205,0,0,0,0,0,0
ASV4211,0,0,0,0,0,0
ASV4214,0,0,0,0,0,0
ASV4217,0,0,0,0,0,0
ASV4220,0,0,0,0,0,0
ASV4221,0,0,0,0,0,0
ASV4233,0,0,0,0,7.74713356058258e-05,0
ASV4237,0,0,0,0,0,9.2965602726991e-05
ASV4240,0,0,0,3.09885342423303e-05,0,0
ASV4244,0,0,0,0,0,0
ASV4247,0,0,0,0,0,0
ASV4252,0,0,0,0,0,0
ASV4253,0,6.19770684846607e-05,0,0,0,0
ASV4254,0,0,0,0,0,0
ASV4255,0.000108459869848156,0,0,0,0,0
ASV4256,9.2965602726991e-05,0,0,0,0,0
ASV4259,9.2965602726991e-05,0,0,0,0,0
ASV4269,0,0,7.74713356058258e-05,0,0,0
ASV4272,0,0,7.74713356058258e-05,0,0,0
ASV4273,0,0,7.74713356058258e-05,0,0,0
ASV4276,0,0,0,0,0,0
ASV4279,0,0,0,0,0,0
ASV4280,0,0,0,0,0,0
ASV4283,0,0,0,0,0,0
ASV4284,0,0,0,0,0,0
ASV4286,0,0,0,0,0,0
ASV4293,0,0,0,0,0,0
ASV4295,0,0,0,0,0,0
ASV4309,0,0,0,0,0,0
ASV4312,0,0,0,0,0,0
ASV4314,0,0,0,0,0,0
ASV4320,0,0,0,0,0,0
ASV4329,0,0,0,0,0,0
ASV4334,0,0,0,0,0,0
ASV4349,0,0,0,0,0,0
ASV4355,0,0,0,0,0,0
ASV4357,0,0,0,0,0,0
ASV4361,0,0,0,0,0,0
ASV4364,0,0,0,0,0,0
ASV4365,0,0,0,0,0,0
ASV4366,0,0,0,0,0,0
ASV4367,0,0,0,0,0,0
ASV4369,0,0,0,0,0,0
ASV4370,0,0,0,0,0,0
ASV4371,0,0,0,0,0,0
ASV4372,0,0,0,0,0,0
ASV4373,0,0,0,0,0,0
ASV4374,0,0,0,0,0,0
ASV4375,0,0,0,0,0,0
ASV4376,0,0,0,0,0,0
ASV4377,0,0,0,0,0,0
ASV4390,0,0,0,0,0,0
ASV4392,0,0,0,0,0,0
ASV4394,0,0,0,0,0,0
ASV4396,0,0,0,0,0,0
ASV4398,0,0,0,0,0,0
ASV4400,0,0,0,0,0,0
ASV4401,0,0,0,0,0,0
ASV4402,0,0,0,0,0,0
ASV4409,0,0,0,0,0,0
ASV4412,0,0,0,0,0,0
ASV4417,0,0,0,0,0,0
ASV4430,0,0,0,0,0,0
ASV4431,0,0,0,0,0,0
ASV4432,0,0,0,0,0,0
ASV4435,0,0,0,0,0,0
ASV4440,0,0,0,6.19770684846607e-05,0,0
ASV4441,0,0,0,6.19770684846607e-05,0,0
ASV4443,0,0,0,6.19770684846607e-05,0,0
ASV4451,0,0,0,0,6.19770684846607e-05,0
ASV4454,0,0,0,0,0,6.19770684846607e-05
ASV4459,0,0,0,0,0,7.74713356058258e-05
ASV4461,0,0,0,0,0,7.74713356058258e-05
ASV4463,0,0,0,6.19770684846607e-05,0,0
ASV4464,0,0,0,6.19770684846607e-05,0,0
ASV4467,9.2965602726991e-05,0,0,0,0,0
ASV4468,4.64828013634955e-05,0,0,0,0,0
ASV4471,9.2965602726991e-05,0,0,0,0,0
ASV4472,9.2965602726991e-05,0,0,0,0,0
ASV4474,9.2965602726991e-05,0,0,0,0,0
ASV4476,0,6.19770684846607e-05,0,0,0,0
ASV4478,0,0,7.74713356058258e-05,0,0,0
ASV4480,0,0,6.19770684846607e-05,0,0,0
ASV4483,0,0,6.19770684846607e-05,0,0,0
ASV4485,0,0,7.74713356058258e-05,0,0,0
ASV4488,0,0,7.74713356058258e-05,0,0,0
ASV4491,0,0,0,7.74713356058258e-05,0,0
ASV4492,0,0,0,0,0,0
ASV4493,0,0,0,0,0,0
ASV4502,0,0,0,0,0,0
ASV4503,0,0,0,0,0,0
ASV4504,0,0,0,0,0,0
ASV4505,0,0,0,0,0,0
ASV4511,0,0,0,0,0,0
ASV4512,0,0,0,0,0,0
ASV4519,0,0,0,0,0,0
ASV4522,0,0,0,0,0,0
ASV4524,0,0,0,0,0,0
ASV4532,0,0,0,0,0,0
ASV4533,0,0,0,0,0,0
ASV4535,0,0,0,0,0,0
ASV4538,0,0,0,0,0,0
ASV4543,0,0,0,0,0,0
ASV4544,0,0,0,0,0,0
ASV4547,0,0,0,0,0,0
ASV4561,0,0,0,0,0,0
ASV4570,0,0,0,0,0,0
ASV4573,0,0,0,0,0,0
ASV4586,0,0,0,0,0,0
ASV4591,0,0,0,0,0,0
ASV4596,0,0,0,0,0,0
ASV4600,0,0,0,0,0,0
ASV4604,0,0,0,0,0,0
ASV4608,0,0,0,0,0,0
ASV4622,0,0,0,0,0,0
ASV4625,0,0,0,0,0,0
ASV4628,0,0,0,0,0,0
ASV4630,0,0,0,0,0,0
ASV4634,0,0,0,0,0,0
ASV4638,0,0,0,0,0,0
ASV4643,0,0,0,0,0,0
ASV4646,0,0,0,0,0,0
ASV4648,0,0,0,0,0,0
ASV4650,0,0,0,0,0,0
ASV4651,0,0,0,0,0,0
ASV4652,0,0,0,0,0,0
ASV4653,0,0,0,0,0,0
ASV4654,0,0,0,0,0,0
ASV4655,0,0,0,0,0,0
ASV4662,0,0,0,0,0,0
ASV4665,0,0,0,0,0,0
ASV4668,0,0,0,0,0,0
ASV4669,0,0,0,0,0,0
ASV4680,0,0,0,0,0,6.19770684846607e-05
ASV4683,0,0,0,0,0,6.19770684846607e-05
ASV4685,0,0,0,0,0,6.19770684846607e-05
ASV4687,0,0,0,0,0,0
ASV4692,0,0,0,0,0,0
ASV4696,0,0,0,0,0,0
ASV4699,0,0,0,0,6.19770684846607e-05,0
ASV4706,9.2965602726991e-05,0,0,0,0,0
ASV4708,7.74713356058258e-05,0,0,0,0,0
ASV4712,0,4.64828013634955e-05,0,0,0,0
ASV4716,0,7.74713356058258e-05,0,0,0,0
ASV4719,0,0,4.64828013634955e-05,0,0,0
ASV4722,0,0,6.19770684846607e-05,0,0,0
ASV4723,0,0,6.19770684846607e-05,0,0,0
ASV4725,0,0,0,4.64828013634955e-05,0,0
ASV4726,0,0,0,4.64828013634955e-05,0,0
ASV4727,0,0,0,4.64828013634955e-05,0,0
ASV4731,0,0,0,0,6.19770684846607e-05,0
ASV4732,0,0,0,0,0,0
ASV4736,0,0,0,0,0,0
ASV4738,0,0,0,0,0,0
ASV4741,0,0,0,0,0,0
ASV4743,0,0,0,0,0,0
ASV4745,0,0,0,0,0,0
ASV4748,0,0,0,0,0,0
ASV4749,0,0,0,0,0,0
ASV4750,0,0,0,0,0,0
ASV4751,0,0,0,0,0,0
ASV4752,0,0,0,0,0,0
ASV4754,0,0,0,0,0,0
ASV4756,0,0,0,0,0,0
ASV4760,0,0,0,0,0,0
ASV4773,0,0,0,0,0,0
ASV4775,0,0,0,0,0,0
ASV4776,0,0,0,0,0,0
ASV4778,0,0,0,0,0,0
ASV4785,0,0,0,0,0,0
ASV4787,0,0,0,0,0,0
ASV4795,0,0,0,0,0,0
ASV4799,0,0,0,0,0,0
ASV4801,0,0,0,0,0,0
ASV4802,0,0,0,0,0,0
ASV4808,0,0,0,0,0,0
ASV4810,0,0,0,0,0,0
ASV4812,0,0,0,0,0,0
ASV4839,0,0,0,0,0,0
ASV4841,0,0,0,0,0,0
ASV4844,0,0,0,0,0,0
ASV4853,0,0,0,0,0,0
ASV4861,0,0,0,0,0,0
ASV4862,0,0,0,0,0,0
ASV4864,0,0,0,0,0,0
ASV4881,0,0,0,0,0,0
ASV4887,0,0,0,0,0,0
ASV4891,0,0,0,0,0,0
ASV4896,0,0,0,0,0,0
ASV4901,0,0,0,0,0,0
ASV4905,0,0,0,0,0,0
ASV4915,0,0,0,0,0,0
ASV4921,0,0,0,0,0,0
ASV4922,0,0,0,0,0,0
ASV4924,0,0,0,0,0,0
ASV4929,0,0,0,0,0,0
ASV4932,0,0,0,0,0,0
ASV4940,0,0,0,4.64828013634955e-05,0,0
ASV4941,0,0,0,4.64828013634955e-05,0,0
ASV4943,0,0,0,6.19770684846607e-05,0,0
ASV4944,0,0,0,4.64828013634955e-05,0,0
ASV4946,0,0,0,4.64828013634955e-05,0,0
ASV4948,0,0,0,4.64828013634955e-05,0,0
ASV4956,0,0,0,0,4.64828013634955e-05,0
ASV4961,0,0,0,0,0,4.64828013634955e-05
ASV4965,0,0,0,0,4.64828013634955e-05,0
ASV4970,0,0,0,0,4.64828013634955e-05,0
ASV4972,0,0,4.64828013634955e-05,0,0,0
ASV4978,6.19770684846607e-05,0,0,0,0,0
ASV4979,6.19770684846607e-05,0,0,0,0,0
ASV4980,7.74713356058258e-05,0,0,0,0,0
ASV4982,7.74713356058258e-05,0,0,0,0,0
ASV4983,6.19770684846607e-05,0,0,0,0,0
ASV4985,6.19770684846607e-05,0,0,0,0,0
ASV4992,0,4.64828013634955e-05,0,0,0,0
ASV4994,0,0,4.64828013634955e-05,0,0,0
ASV5000,0,0,3.09885342423303e-05,0,0,0
ASV5006,0,4.64828013634955e-05,0,0,0,0
ASV5011,0,0,0,0,0,4.64828013634955e-05
ASV5013,0,0,0,0,0,0
ASV5021,0,0,0,0,0,0
ASV5022,0,0,0,0,0,0
ASV5029,0,0,0,0,0,0
ASV5033,0,0,0,0,0,0
ASV5035,0,0,0,0,0,0
ASV5037,0,0,0,0,0,0
ASV5040,0,0,0,0,0,0
ASV5041,0,0,0,0,0,0
ASV5043,0,0,0,0,0,0
ASV5045,0,0,0,0,0,0
ASV5053,0,0,0,0,0,0
ASV5068,0,0,0,0,0,0
ASV5071,0,0,0,0,0,0
ASV5086,0,0,0,0,0,0
ASV5088,0,0,0,0,0,0
ASV5089,0,0,0,0,0,0
ASV5106,0,0,0,0,0,0
ASV5120,0,0,0,0,0,0
ASV5129,0,0,0,0,0,0
ASV5134,0,0,0,0,0,0
ASV5142,0,0,0,0,0,0
ASV5143,0,0,0,0,0,0
ASV5148,0,0,0,0,0,0
ASV5164,0,0,0,0,0,0
ASV5165,0,0,0,0,0,0
ASV5175,0,0,0,0,0,0
ASV5180,0,0,0,0,0,0
ASV5183,0,0,0,0,0,0
ASV5185,0,0,0,0,0,0
ASV5187,0,0,0,0,0,0
ASV5193,0,0,0,0,0,0
ASV5194,0,0,0,0,0,0
ASV5197,0,0,0,0,0,0
ASV5202,0,0,0,0,0,0
ASV5203,0,0,0,0,0,0
ASV5205,0,0,0,0,0,0
ASV5207,0,0,0,0,0,0
ASV5210,0,0,0,0,0,0
ASV5217,0,0,0,0,0,0
ASV5218,0,0,0,0,0,0
ASV5219,0,0,0,0,0,0
ASV5221,0,0,0,0,0,0
ASV5223,0,0,0,0,0,0
ASV5232,0,0,0,0,0,0
ASV5233,0,0,0,0,0,0
ASV5235,0,0,0,0,0,0
ASV5252,0,0,0,0,0,0
ASV5253,0,0,0,0,0,0
ASV5263,0,0,0,0,6.19770684846607e-05,0
ASV5264,0,0,0,0,6.19770684846607e-05,0
ASV5268,0,0,0,0,6.19770684846607e-05,0
ASV5272,0,0,0,4.64828013634955e-05,0,0
ASV5273,0,0,0,4.64828013634955e-05,0,0
ASV5283,0,0,0,0,0,3.09885342423303e-05
ASV5288,0,0,0,0,0,6.19770684846607e-05
ASV5289,0,0,0,0,0,4.64828013634955e-05
ASV5290,0,0,0,0,3.09885342423303e-05,0
ASV5293,0,0,0,0,0,7.74713356058258e-05
ASV5298,0,0,0,0,0,3.09885342423303e-05
ASV5299,0,0,0,3.09885342423303e-05,0,0
ASV5304,0,6.19770684846607e-05,0,0,0,0
ASV5306,0,3.09885342423303e-05,0,0,0,0
ASV5312,0,0,3.09885342423303e-05,0,0,0
ASV5313,4.64828013634955e-05,0,0,0,0,0
ASV5318,4.64828013634955e-05,0,0,0,0,0
ASV5328,0,0,0,3.09885342423303e-05,0,0
ASV5329,0,0,0,3.09885342423303e-05,0,0
ASV5337,0,0,0,7.74713356058258e-05,0,0
ASV5338,0,0,0,3.09885342423303e-05,0,0
ASV5340,0,0,4.64828013634955e-05,0,0,0
ASV5351,0,0,0,0,0,0
ASV5355,0,0,0,0,0,0
ASV5360,0,0,0,0,0,0
ASV5361,0,0,0,0,0,0
ASV5368,0,0,0,0,0,0
ASV5379,0,0,0,0,0,0
ASV5387,0,0,0,0,0,0
ASV5389,0,0,0,0,0,0
ASV5390,0,0,0,0,0,0
ASV5402,0,0,0,0,0,0
ASV5409,0,0,0,0,0,0
ASV5413,0,0,0,0,0,0
ASV5414,0,0,0,0,0,0
ASV5424,0,0,0,0,0,0
ASV5425,0,0,0,0,0,0
ASV5432,0,0,0,0,0,0
ASV5435,0,0,0,0,0,0
ASV5437,0,0,0,0,0,0
ASV5450,0,0,0,0,0,0
ASV5459,0,0,0,0,0,0
ASV5464,0,0,0,0,0,0
ASV5471,0,0,0,0,0,0
ASV5473,0,0,0,0,0,0
ASV5475,0,0,0,0,0,0
ASV5477,0,0,0,0,0,0
ASV5478,0,0,0,0,0,0
ASV5502,0,0,0,0,0,0
ASV5508,0,0,0,0,0,0
ASV5522,0,0,0,0,0,0
ASV5523,0,0,0,0,0,0
ASV5527,0,0,0,0,0,0
ASV5530,0,0,0,0,0,0
ASV5531,0,0,0,0,0,0
ASV5535,0,0,0,0,0,0
ASV5538,0,0,0,0,0,0
ASV5539,0,0,0,0,0,0
ASV5555,0,0,0,0,0,0
ASV5556,0,0,0,0,0,0
ASV5558,0,0,0,0,0,0
ASV5563,0,0,0,0,0,0
ASV5565,0,0,0,0,0,0
ASV5575,0,0,0,0,0,0
ASV5591,0,0,0,0,0,0
ASV5613,0,0,0,1.54942671211652e-05,0,0
ASV5614,0,0,0,3.09885342423303e-05,0,0
ASV5620,0,0,0,3.09885342423303e-05,0,0
ASV5625,0,0,0,0,0,3.09885342423303e-05
ASV5626,0,0,0,0,0,3.09885342423303e-05
ASV5627,0,0,0,0,0,3.09885342423303e-05
ASV5630,0,0,0,0,0,3.09885342423303e-05
ASV5637,0,0,0,0,3.09885342423303e-05,0
ASV5641,0,0,0,0,3.09885342423303e-05,0
ASV5646,0,1.54942671211652e-05,0,0,0,0
ASV5647,0,3.09885342423303e-05,0,0,0,0
ASV5651,3.09885342423303e-05,0,0,0,0,0
ASV5654,4.64828013634955e-05,0,0,0,0,0
ASV5655,0,0,0,1.54942671211652e-05,0,0
ASV5657,6.19770684846607e-05,0,0,0,0,0
ASV5661,3.09885342423303e-05,0,0,0,0,0
ASV5665,0,1.54942671211652e-05,0,0,0,0
ASV5672,0,0,3.09885342423303e-05,0,0,0
ASV5673,0,0,7.74713356058258e-05,0,0,0
ASV5677,0,0,1.54942671211652e-05,0,0,0
ASV5682,0,0,6.19770684846607e-05,0,0,0
ASV5688,0,0,0,0,0,0
ASV5691,0,0,0,0,0,0
ASV5697,0,0,0,0,0,0
ASV5699,0,0,0,0,0,0
ASV5702,0,0,0,0,0,0
ASV5704,0,0,0,0,0,0
ASV5709,0,0,0,0,0,0
ASV5710,0,0,0,0,0,0
ASV5713,0,0,0,0,0,0
ASV5719,0,0,0,0,0,0
ASV5731,0,0,0,0,0,0
ASV5732,0,0,0,0,0,0
ASV5735,0,0,0,0,0,0
ASV5737,0,0,0,0,0,0
ASV5738,0,0,0,0,0,0
ASV5739,0,0,0,0,0,0
ASV5746,0,0,0,0,0,3.09885342423303e-05
ASV5751,0,0,0,0,0,0
ASV5755,0,0,0,0,0,0
ASV5756,0,0,0,0,0,0
ASV5757,0,0,0,0,0,0
ASV5760,0,0,0,0,0,0
ASV5767,0,0,0,0,0,0
ASV5771,0,0,0,0,0,0
ASV5789,0,0,0,0,0,0
ASV5796,0,0,0,0,0,0
ASV5799,0,0,0,0,0,0
ASV5802,0,0,0,0,0,0
ASV5809,0,0,0,0,0,0
ASV5811,0,0,0,0,0,0
ASV5818,0,0,0,0,0,0
ASV5826,0,0,0,0,0,0
ASV5839,0,0,0,0,0,0
ASV5849,0,0,0,0,0,0
ASV5852,0,0,0,0,0,0
ASV5855,0,0,0,0,0,0
ASV5860,0,0,0,0,0,0
ASV5862,0,0,0,0,0,0
ASV5865,0,0,0,0,0,0
ASV5873,0,0,0,0,0,0
ASV5887,0,0,0,0,0,0
ASV5890,0,0,0,0,0,0
ASV5899,0,0,0,0,0,0
ASV5917,0,0,0,0,0,0
ASV5918,0,0,0,0,0,0
ASV5923,0,0,0,0,0,0
ASV5925,0,0,0,0,0,1.54942671211652e-05
ASV5933,0,0,0,0,1.54942671211652e-05,0
ASV5934,0,0,0,0,3.09885342423303e-05,0
ASV5935,0,0,0,0,3.09885342423303e-05,0
ASV5936,0,0,0,0,1.54942671211652e-05,0
ASV5944,0,0,0,0,0,0
ASV5959,0,0,0,0,1.54942671211652e-05,0
ASV5971,0,1.54942671211652e-05,0,0,0,0
ASV5973,0,1.54942671211652e-05,0,0,0,0
ASV5974,1.54942671211652e-05,0,0,0,0,0
ASV5978,0,0,1.54942671211652e-05,0,0,0
ASV5982,0,0,0,3.09885342423303e-05,0,0
ASV5987,0,0,0,1.54942671211652e-05,0,0
ASV5990,0,0,0,1.54942671211652e-05,0,0
ASV5993,0,0,0,1.54942671211652e-05,0,0
ASV5995,0,0,0,1.54942671211652e-05,0,0
ASV5998,0,0,0,0,0,0
ASV6002,0,0,0,0,0,0
ASV6005,0,0,0,0,0,0
ASV6007,0,0,0,0,0,0
ASV6009,0,0,0,0,0,0
ASV6014,0,0,0,0,0,0
ASV6015,0,0,0,0,0,0
ASV6020,0,0,0,0,0,0
ASV6021,0,0,0,0,0,0
ASV6029,0,0,0,0,0,0
ASV6031,0,0,0,0,0,0
ASV6040,0,0,0,0,0,0
ASV6043,0,0,0,0,0,0
ASV6045,0,0,0,0,0,0
ASV6049,0,0,0,0,0,0
ASV6052,0,0,0,0,0,0
ASV6058,0,0,0,0,0,0
ASV6064,0,0,0,0,0,0
ASV6066,0,0,0,0,0,0
ASV6068,0,0,0,0,0,0
ASV6070,0,0,0,0,0,0
